--------------------------------------------------------
--  파일이 생성됨 - 화요일-1월-31-2023   
--------------------------------------------------------
DROP SEQUENCE "SEQ_AUTHORITY_CODE";
DROP SEQUENCE "SEQ_IMAGE_CODE";
DROP SEQUENCE "SEQ_IMG_NUM";
DROP SEQUENCE "SEQ_MEMBER_CODE";
DROP SEQUENCE "SEQ_OP_CODE";
DROP SEQUENCE "SEQ_ORDER_NUM";
DROP SEQUENCE "SEQ_ORDER_PD_NUM";
DROP SEQUENCE "SEQ_PD_CODE";
DROP SEQUENCE "SEQ_QUESTION_CODE";
DROP SEQUENCE "SEQ_QUESTION_IMG_CODE";
DROP SEQUENCE "SEQ_REVIEW_CODE";
DROP TABLE "PRODUCT_IMAGE" cascade constraints;
DROP TABLE "PRODUCT_OPTION" cascade constraints;
DROP TABLE "QUESTION" cascade constraints;
DROP TABLE "QUESTION_IMG" cascade constraints;
DROP TABLE "REVIEW_IMAGE" cascade constraints;
DROP TABLE "TBL_AUTHORITY" cascade constraints;
DROP TABLE "TBL_COMPANY" cascade constraints;
DROP TABLE "TBL_MEMBER" cascade constraints;
DROP TABLE "TBL_MEMBER_ROLE" cascade constraints;
DROP TABLE "TBL_ORDER" cascade constraints;
DROP TABLE "TBL_ORDER_PRODUCT" cascade constraints;
DROP TABLE "TBL_PRODUCT" cascade constraints;
DROP TABLE "TBL_REVIEW" cascade constraints;
DROP TABLE "TBL_SHOP" cascade constraints;
--------------------------------------------------------
--  DDL for Sequence SEQ_AUTHORITY_CODE
--------------------------------------------------------

   CREATE SEQUENCE  "SEQ_AUTHORITY_CODE"  MINVALUE 1 MAXVALUE 9999999999999999999999999999 INCREMENT BY 1 START WITH 3 NOCACHE  NOORDER  NOCYCLE  NOKEEP  NOSCALE  GLOBAL ;
--------------------------------------------------------
--  DDL for Sequence SEQ_IMAGE_CODE
--------------------------------------------------------

   CREATE SEQUENCE  "SEQ_IMAGE_CODE"  MINVALUE 1 MAXVALUE 9999999999999999999999999999 INCREMENT BY 1 START WITH 1 NOCACHE  NOORDER  NOCYCLE  NOKEEP  NOSCALE  GLOBAL ;
--------------------------------------------------------
--  DDL for Sequence SEQ_IMG_NUM
--------------------------------------------------------

   CREATE SEQUENCE  "SEQ_IMG_NUM"  MINVALUE 1 MAXVALUE 9999999999999999999999999999 INCREMENT BY 1 START WITH 270 NOCACHE  NOORDER  NOCYCLE  NOKEEP  NOSCALE  GLOBAL ;
--------------------------------------------------------
--  DDL for Sequence SEQ_MEMBER_CODE
--------------------------------------------------------

   CREATE SEQUENCE  "SEQ_MEMBER_CODE"  MINVALUE 1 MAXVALUE 9999999999999999999999999999 INCREMENT BY 1 START WITH 21 NOCACHE  NOORDER  NOCYCLE  NOKEEP  NOSCALE  GLOBAL ;
--------------------------------------------------------
--  DDL for Sequence SEQ_OP_CODE
--------------------------------------------------------

   CREATE SEQUENCE  "SEQ_OP_CODE"  MINVALUE 1 MAXVALUE 9999999999999999999999999999 INCREMENT BY 1 START WITH 359 NOCACHE  NOORDER  NOCYCLE  NOKEEP  NOSCALE  GLOBAL ;
--------------------------------------------------------
--  DDL for Sequence SEQ_ORDER_NUM
--------------------------------------------------------

   CREATE SEQUENCE  "SEQ_ORDER_NUM"  MINVALUE 1 MAXVALUE 9999999999999999999999999999 INCREMENT BY 1 START WITH 50 NOCACHE  NOORDER  NOCYCLE  NOKEEP  NOSCALE  GLOBAL ;
--------------------------------------------------------
--  DDL for Sequence SEQ_ORDER_PD_NUM
--------------------------------------------------------

   CREATE SEQUENCE  "SEQ_ORDER_PD_NUM"  MINVALUE 1 MAXVALUE 9999999999999999999999999999 INCREMENT BY 1 START WITH 60 NOCACHE  NOORDER  NOCYCLE  NOKEEP  NOSCALE  GLOBAL ;
--------------------------------------------------------
--  DDL for Sequence SEQ_PD_CODE
--------------------------------------------------------

   CREATE SEQUENCE  "SEQ_PD_CODE"  MINVALUE 1 MAXVALUE 9999999999999999999999999999 INCREMENT BY 1 START WITH 118 NOCACHE  NOORDER  NOCYCLE  NOKEEP  NOSCALE  GLOBAL ;
--------------------------------------------------------
--  DDL for Sequence SEQ_QUESTION_CODE
--------------------------------------------------------

   CREATE SEQUENCE  "SEQ_QUESTION_CODE"  MINVALUE 1 MAXVALUE 9999999999999999999999999999 INCREMENT BY 1 START WITH 30 NOCACHE  NOORDER  NOCYCLE  NOKEEP  NOSCALE  GLOBAL ;
--------------------------------------------------------
--  DDL for Sequence SEQ_QUESTION_IMG_CODE
--------------------------------------------------------

   CREATE SEQUENCE  "SEQ_QUESTION_IMG_CODE"  MINVALUE 1 MAXVALUE 9999999999999999999999999999 INCREMENT BY 1 START WITH 10 NOCACHE  NOORDER  NOCYCLE  NOKEEP  NOSCALE  GLOBAL ;
--------------------------------------------------------
--  DDL for Sequence SEQ_REVIEW_CODE
--------------------------------------------------------

   CREATE SEQUENCE  "SEQ_REVIEW_CODE"  MINVALUE 1 MAXVALUE 9999999999999999999999999999 INCREMENT BY 1 START WITH 22 NOCACHE  NOORDER  NOCYCLE  NOKEEP  NOSCALE  GLOBAL ;
--------------------------------------------------------
--  DDL for Table PRODUCT_IMAGE
--------------------------------------------------------

  CREATE TABLE "PRODUCT_IMAGE" 
   (	"PD_IMG_PATH" VARCHAR2(255 BYTE), 
	"PD_CODE" NUMBER, 
	"IMG_NUM" NUMBER, 
	"MAIN_IMG" CHAR(1 BYTE)
   ) ;

   COMMENT ON COLUMN "PRODUCT_IMAGE"."PD_IMG_PATH" IS '이미지경로';
   COMMENT ON COLUMN "PRODUCT_IMAGE"."PD_CODE" IS '상품코드';
   COMMENT ON COLUMN "PRODUCT_IMAGE"."IMG_NUM" IS '이미지번호';
   COMMENT ON COLUMN "PRODUCT_IMAGE"."MAIN_IMG" IS '메인이미지여부';
   COMMENT ON TABLE "PRODUCT_IMAGE"  IS '상품이미지';
--------------------------------------------------------
--  DDL for Table PRODUCT_OPTION
--------------------------------------------------------

  CREATE TABLE "PRODUCT_OPTION" 
   (	"OPTION_NM" VARCHAR2(200 BYTE), 
	"OPTION_STOCK" NUMBER, 
	"PD_CODE" NUMBER, 
	"OP_CODE" NUMBER
   ) ;

   COMMENT ON COLUMN "PRODUCT_OPTION"."OPTION_NM" IS '옵션명';
   COMMENT ON COLUMN "PRODUCT_OPTION"."OPTION_STOCK" IS '재고수량';
   COMMENT ON COLUMN "PRODUCT_OPTION"."PD_CODE" IS '상품코드';
   COMMENT ON COLUMN "PRODUCT_OPTION"."OP_CODE" IS '옵션코드';
   COMMENT ON TABLE "PRODUCT_OPTION"  IS '옵션정보';
--------------------------------------------------------
--  DDL for Table QUESTION
--------------------------------------------------------

  CREATE TABLE "QUESTION" 
   (	"QUESTION_CODE" NUMBER, 
	"QUESTION_TITLE" VARCHAR2(50 BYTE), 
	"QUESTION_CATEGORY" VARCHAR2(50 BYTE), 
	"QUESTION_CONTENT" VARCHAR2(1000 BYTE), 
	"ANSWER_CONTENT" VARCHAR2(1000 BYTE), 
	"QUESTION_CREATE_DATE" VARCHAR2(20 BYTE), 
	"QUESTION_STATUS" VARCHAR2(20 BYTE) DEFAULT '미해결', 
	"MEMBER_CODE" NUMBER
   ) ;

   COMMENT ON COLUMN "QUESTION"."QUESTION_CODE" IS '문의번호';
   COMMENT ON COLUMN "QUESTION"."QUESTION_TITLE" IS '문의제목';
   COMMENT ON COLUMN "QUESTION"."QUESTION_CATEGORY" IS '문의유형';
   COMMENT ON COLUMN "QUESTION"."QUESTION_CONTENT" IS '문의내용';
   COMMENT ON COLUMN "QUESTION"."ANSWER_CONTENT" IS '답변내용';
   COMMENT ON COLUMN "QUESTION"."QUESTION_CREATE_DATE" IS '문의등록날짜';
   COMMENT ON COLUMN "QUESTION"."QUESTION_STATUS" IS '해결상태';
   COMMENT ON COLUMN "QUESTION"."MEMBER_CODE" IS '회원코드';
   COMMENT ON TABLE "QUESTION"  IS '문의사항';
--------------------------------------------------------
--  DDL for Table QUESTION_IMG
--------------------------------------------------------

  CREATE TABLE "QUESTION_IMG" 
   (	"QUESTION_IMG_CODE" NUMBER, 
	"ORIGINAL_NAME" VARCHAR2(255 BYTE), 
	"NEW_NAME" VARCHAR2(255 BYTE), 
	"QUESTION_CODE" NUMBER
   ) ;

   COMMENT ON COLUMN "QUESTION_IMG"."QUESTION_IMG_CODE" IS '원본사진코드';
   COMMENT ON COLUMN "QUESTION_IMG"."ORIGINAL_NAME" IS '원본사진명';
   COMMENT ON COLUMN "QUESTION_IMG"."NEW_NAME" IS '리네임사진명';
   COMMENT ON COLUMN "QUESTION_IMG"."QUESTION_CODE" IS '문의번호';
   COMMENT ON TABLE "QUESTION_IMG"  IS '문의내용 사진';
--------------------------------------------------------
--  DDL for Table REVIEW_IMAGE
--------------------------------------------------------

  CREATE TABLE "REVIEW_IMAGE" 
   (	"IMAGE_CODE" NUMBER, 
	"ORIGIN_NM" VARCHAR2(255 BYTE), 
	"NEW_NM" VARCHAR2(255 BYTE), 
	"REVIEW_CODE" NUMBER
   ) ;

   COMMENT ON COLUMN "REVIEW_IMAGE"."IMAGE_CODE" IS '사진코드';
   COMMENT ON COLUMN "REVIEW_IMAGE"."ORIGIN_NM" IS '사진명';
   COMMENT ON COLUMN "REVIEW_IMAGE"."NEW_NM" IS '저장된사진명';
   COMMENT ON COLUMN "REVIEW_IMAGE"."REVIEW_CODE" IS '리뷰코드';
   COMMENT ON TABLE "REVIEW_IMAGE"  IS '리뷰사진';
--------------------------------------------------------
--  DDL for Table TBL_AUTHORITY
--------------------------------------------------------

  CREATE TABLE "TBL_AUTHORITY" 
   (	"AUTHORITY_CODE" NUMBER, 
	"AUTHORITY_NAME" VARCHAR2(255 BYTE), 
	"AUTHORITY_DESC" VARCHAR2(1000 BYTE)
   ) ;

   COMMENT ON COLUMN "TBL_AUTHORITY"."AUTHORITY_CODE" IS '권한코드';
   COMMENT ON COLUMN "TBL_AUTHORITY"."AUTHORITY_NAME" IS '권한명';
   COMMENT ON COLUMN "TBL_AUTHORITY"."AUTHORITY_DESC" IS '권한설명';
   COMMENT ON TABLE "TBL_AUTHORITY"  IS '권한';
--------------------------------------------------------
--  DDL for Table TBL_COMPANY
--------------------------------------------------------

  CREATE TABLE "TBL_COMPANY" 
   (	"BSR_NUM" NUMBER, 
	"CP_NM" VARCHAR2(100 BYTE), 
	"RP_NM" VARCHAR2(100 BYTE), 
	"CP_TEL" VARCHAR2(100 BYTE), 
	"BS_TYPE" VARCHAR2(100 BYTE), 
	"BS_ITEM" VARCHAR2(100 BYTE), 
	"CP_ADS_NUM" VARCHAR2(100 BYTE), 
	"CP_ADS" VARCHAR2(100 BYTE), 
	"CP_ADS_DETAIL" VARCHAR2(100 BYTE), 
	"CP_EMAIL" VARCHAR2(100 BYTE)
   ) ;

   COMMENT ON COLUMN "TBL_COMPANY"."BSR_NUM" IS '사업자 등록 번호';
   COMMENT ON COLUMN "TBL_COMPANY"."CP_NM" IS '상호';
   COMMENT ON COLUMN "TBL_COMPANY"."RP_NM" IS '대표자 성명';
   COMMENT ON COLUMN "TBL_COMPANY"."CP_TEL" IS '대표 전화';
   COMMENT ON COLUMN "TBL_COMPANY"."BS_TYPE" IS '업태';
   COMMENT ON COLUMN "TBL_COMPANY"."BS_ITEM" IS '종목';
   COMMENT ON COLUMN "TBL_COMPANY"."CP_ADS_NUM" IS '사업장 우편번호';
   COMMENT ON COLUMN "TBL_COMPANY"."CP_ADS" IS '사업장 주소';
   COMMENT ON COLUMN "TBL_COMPANY"."CP_ADS_DETAIL" IS '사업장 상세 주소';
   COMMENT ON COLUMN "TBL_COMPANY"."CP_EMAIL" IS '이메일';
   COMMENT ON TABLE "TBL_COMPANY"  IS '사업자 정보';
--------------------------------------------------------
--  DDL for Table TBL_MEMBER
--------------------------------------------------------

  CREATE TABLE "TBL_MEMBER" 
   (	"MEMBER_CODE" NUMBER, 
	"MEMBER_ID" VARCHAR2(255 BYTE), 
	"MEMBER_PASSWORD" VARCHAR2(255 BYTE), 
	"MEMBER_NAME" VARCHAR2(255 BYTE), 
	"MEMBER_BIRTH" VARCHAR2(50 BYTE), 
	"MEMBER_GEN" VARCHAR2(16 BYTE), 
	"MEMBER_PHONE" VARCHAR2(14 BYTE), 
	"MEMBER_EMAIL" VARCHAR2(50 BYTE), 
	"MEMBER_ADS_NUM" VARCHAR2(100 BYTE), 
	"MEMBER_ADS" VARCHAR2(100 BYTE), 
	"MEMBER_ADS_DETAIL" VARCHAR2(100 BYTE)
   ) ;

   COMMENT ON COLUMN "TBL_MEMBER"."MEMBER_CODE" IS '회원코드';
   COMMENT ON COLUMN "TBL_MEMBER"."MEMBER_ID" IS '아이디';
   COMMENT ON COLUMN "TBL_MEMBER"."MEMBER_PASSWORD" IS '비밀번호';
   COMMENT ON COLUMN "TBL_MEMBER"."MEMBER_NAME" IS '이름';
   COMMENT ON COLUMN "TBL_MEMBER"."MEMBER_BIRTH" IS '생년월일';
   COMMENT ON COLUMN "TBL_MEMBER"."MEMBER_GEN" IS '성별';
   COMMENT ON COLUMN "TBL_MEMBER"."MEMBER_PHONE" IS '휴대전화';
   COMMENT ON COLUMN "TBL_MEMBER"."MEMBER_EMAIL" IS '이메일';
   COMMENT ON COLUMN "TBL_MEMBER"."MEMBER_ADS_NUM" IS '우편번호';
   COMMENT ON COLUMN "TBL_MEMBER"."MEMBER_ADS" IS '주소';
   COMMENT ON COLUMN "TBL_MEMBER"."MEMBER_ADS_DETAIL" IS '상세주소';
   COMMENT ON TABLE "TBL_MEMBER"  IS '회원정보';
--------------------------------------------------------
--  DDL for Table TBL_MEMBER_ROLE
--------------------------------------------------------

  CREATE TABLE "TBL_MEMBER_ROLE" 
   (	"MEMBER_CODE" NUMBER, 
	"AUTHORITY_CODE" NUMBER
   ) ;

   COMMENT ON COLUMN "TBL_MEMBER_ROLE"."MEMBER_CODE" IS '회원코드';
   COMMENT ON COLUMN "TBL_MEMBER_ROLE"."AUTHORITY_CODE" IS '권한코드';
   COMMENT ON TABLE "TBL_MEMBER_ROLE"  IS '회원별 권한';
--------------------------------------------------------
--  DDL for Table TBL_ORDER
--------------------------------------------------------

  CREATE TABLE "TBL_ORDER" 
   (	"ORDER_NUM" NUMBER, 
	"ORDER_CODE" VARCHAR2(50 BYTE), 
	"ORDER_DATE" DATE, 
	"PAYMENT_MT" VARCHAR2(50 BYTE), 
	"ORDER_PC" NUMBER, 
	"DELIVERY_PC" NUMBER, 
	"TOTAL_PC" NUMBER, 
	"DELIVERY_MT" VARCHAR2(50 BYTE), 
	"DELIVERY_CP" VARCHAR2(50 BYTE), 
	"ST_ORDER" VARCHAR2(50 BYTE) DEFAULT 'N', 
	"CG_NM" VARCHAR2(50 BYTE), 
	"CG_PH" VARCHAR2(50 BYTE), 
	"CG_ADS_NUM" VARCHAR2(50 BYTE), 
	"CG_ADS" VARCHAR2(255 BYTE), 
	"CG_ADS_DETAIL" VARCHAR2(255 BYTE), 
	"MEMBER_CODE" NUMBER, 
	"DELIVERY_NUM" VARCHAR2(50 BYTE), 
	"ST_CLAIM" VARCHAR2(50 BYTE), 
	"ST_PAYMENT" VARCHAR2(50 BYTE), 
	"ORDER_CONF" DATE, 
	"DELIVERY_START" DATE, 
	"DELIVERY_END" DATE, 
	"PURCHASE_CONF" DATE, 
	"DELIVERY_MSG" VARCHAR2(255 BYTE)
   ) ;

   COMMENT ON COLUMN "TBL_ORDER"."ORDER_NUM" IS '주문식별번호';
   COMMENT ON COLUMN "TBL_ORDER"."ORDER_CODE" IS '주문코드';
   COMMENT ON COLUMN "TBL_ORDER"."ORDER_DATE" IS '주문일';
   COMMENT ON COLUMN "TBL_ORDER"."PAYMENT_MT" IS '결제 방법';
   COMMENT ON COLUMN "TBL_ORDER"."ORDER_PC" IS '주문 금액';
   COMMENT ON COLUMN "TBL_ORDER"."DELIVERY_PC" IS '배송비';
   COMMENT ON COLUMN "TBL_ORDER"."TOTAL_PC" IS '합계 금액';
   COMMENT ON COLUMN "TBL_ORDER"."DELIVERY_MT" IS '배송 방법';
   COMMENT ON COLUMN "TBL_ORDER"."DELIVERY_CP" IS '택배사';
   COMMENT ON COLUMN "TBL_ORDER"."ST_ORDER" IS '주문상태';
   COMMENT ON COLUMN "TBL_ORDER"."CG_NM" IS '수하인 이름';
   COMMENT ON COLUMN "TBL_ORDER"."CG_PH" IS '수하인 연락처';
   COMMENT ON COLUMN "TBL_ORDER"."CG_ADS_NUM" IS '배송지 우편번호';
   COMMENT ON COLUMN "TBL_ORDER"."CG_ADS" IS '배송지 주소';
   COMMENT ON COLUMN "TBL_ORDER"."CG_ADS_DETAIL" IS '배송지 주소 상세';
   COMMENT ON COLUMN "TBL_ORDER"."MEMBER_CODE" IS '회원코드';
   COMMENT ON COLUMN "TBL_ORDER"."DELIVERY_NUM" IS '송장번호';
   COMMENT ON COLUMN "TBL_ORDER"."ST_CLAIM" IS '클레임 상태';
   COMMENT ON COLUMN "TBL_ORDER"."ST_PAYMENT" IS '결제 상태';
   COMMENT ON COLUMN "TBL_ORDER"."ORDER_CONF" IS '발주 확인일';
   COMMENT ON COLUMN "TBL_ORDER"."DELIVERY_START" IS '배송 출발일';
   COMMENT ON COLUMN "TBL_ORDER"."DELIVERY_END" IS '배송 완료일';
   COMMENT ON COLUMN "TBL_ORDER"."PURCHASE_CONF" IS '구매 확정일';
   COMMENT ON COLUMN "TBL_ORDER"."DELIVERY_MSG" IS '배송 메세지';
   COMMENT ON TABLE "TBL_ORDER"  IS '주문정보';
--------------------------------------------------------
--  DDL for Table TBL_ORDER_PRODUCT
--------------------------------------------------------

  CREATE TABLE "TBL_ORDER_PRODUCT" 
   (	"ORDER_PD_NUM" NUMBER, 
	"ORDER_AMOUNT" NUMBER, 
	"ORDER_NUM" NUMBER, 
	"MAIN_IMG_PATH" VARCHAR2(255 BYTE), 
	"PD_CODE" NUMBER, 
	"OP_CODE" NUMBER, 
	"PD_NAME" VARCHAR2(255 BYTE), 
	"OP_NAME" VARCHAR2(255 BYTE), 
	"PD_PC" NUMBER
   ) ;

   COMMENT ON COLUMN "TBL_ORDER_PRODUCT"."ORDER_PD_NUM" IS '주문제품정보 식별번호';
   COMMENT ON COLUMN "TBL_ORDER_PRODUCT"."ORDER_AMOUNT" IS '상품별 구매수량';
   COMMENT ON COLUMN "TBL_ORDER_PRODUCT"."ORDER_NUM" IS '주문식별번호';
   COMMENT ON COLUMN "TBL_ORDER_PRODUCT"."MAIN_IMG_PATH" IS '상품 대표 이미지 경로';
   COMMENT ON COLUMN "TBL_ORDER_PRODUCT"."PD_CODE" IS '상품코드';
   COMMENT ON COLUMN "TBL_ORDER_PRODUCT"."OP_CODE" IS '옵션코드';
   COMMENT ON COLUMN "TBL_ORDER_PRODUCT"."PD_NAME" IS '상품명';
   COMMENT ON COLUMN "TBL_ORDER_PRODUCT"."OP_NAME" IS '옵션명';
   COMMENT ON COLUMN "TBL_ORDER_PRODUCT"."PD_PC" IS '상품가격';
   COMMENT ON TABLE "TBL_ORDER_PRODUCT"  IS '주문제품정보';
--------------------------------------------------------
--  DDL for Table TBL_PRODUCT
--------------------------------------------------------

  CREATE TABLE "TBL_PRODUCT" 
   (	"PD_CODE" NUMBER, 
	"PD_NAME" VARCHAR2(255 BYTE), 
	"PD_PRICE" NUMBER, 
	"PD_DESC" VARCHAR2(255 BYTE), 
	"CAT_MAIN" VARCHAR2(50 BYTE), 
	"CAT_SUB" VARCHAR2(50 BYTE)
   ) ;

   COMMENT ON COLUMN "TBL_PRODUCT"."PD_CODE" IS '상품코드';
   COMMENT ON COLUMN "TBL_PRODUCT"."PD_NAME" IS '상품명';
   COMMENT ON COLUMN "TBL_PRODUCT"."PD_PRICE" IS '상품가격';
   COMMENT ON COLUMN "TBL_PRODUCT"."PD_DESC" IS '상품설명';
   COMMENT ON COLUMN "TBL_PRODUCT"."CAT_MAIN" IS '대분류 카테고리';
   COMMENT ON COLUMN "TBL_PRODUCT"."CAT_SUB" IS '소분류 카테고리';
   COMMENT ON TABLE "TBL_PRODUCT"  IS '상품정보';
--------------------------------------------------------
--  DDL for Table TBL_REVIEW
--------------------------------------------------------

  CREATE TABLE "TBL_REVIEW" 
   (	"REVIEW_CODE" NUMBER, 
	"PD_GRADE" NUMBER, 
	"REVIEW_CONTENT" VARCHAR2(1000 BYTE), 
	"UPLOAD_DATE" VARCHAR2(255 BYTE), 
	"REVIEW_COMMENT" VARCHAR2(500 BYTE), 
	"REVIEW_TITLE" VARCHAR2(255 BYTE), 
	"PD_CODE" NUMBER, 
	"MEMBER_CODE" NUMBER
   ) ;

   COMMENT ON COLUMN "TBL_REVIEW"."REVIEW_CODE" IS '리뷰코드';
   COMMENT ON COLUMN "TBL_REVIEW"."PD_GRADE" IS '평점';
   COMMENT ON COLUMN "TBL_REVIEW"."REVIEW_CONTENT" IS '리뷰내용';
   COMMENT ON COLUMN "TBL_REVIEW"."UPLOAD_DATE" IS '등록일';
   COMMENT ON COLUMN "TBL_REVIEW"."REVIEW_COMMENT" IS '리뷰댓글';
   COMMENT ON COLUMN "TBL_REVIEW"."REVIEW_TITLE" IS '리뷰제목';
   COMMENT ON COLUMN "TBL_REVIEW"."PD_CODE" IS '상품코드';
   COMMENT ON COLUMN "TBL_REVIEW"."MEMBER_CODE" IS '회원코드';
   COMMENT ON TABLE "TBL_REVIEW"  IS '리뷰작성';
--------------------------------------------------------
--  DDL for Table TBL_SHOP
--------------------------------------------------------

  CREATE TABLE "TBL_SHOP" 
   (	"SHOP_NM" VARCHAR2(100 BYTE), 
	"SHOP_WEB_ADS" VARCHAR2(255 BYTE), 
	"SHOP_EMAIL" VARCHAR2(40 BYTE), 
	"SHOP_DESC" VARCHAR2(1000 BYTE), 
	"OM_ST" VARCHAR2(12 BYTE), 
	"OM_NUM" VARCHAR2(100 BYTE), 
	"CS_TEL" VARCHAR2(100 BYTE), 
	"CS_EMAIL" VARCHAR2(100 BYTE), 
	"CS_HOUR" VARCHAR2(1000 BYTE), 
	"PIC_NM" VARCHAR2(100 BYTE), 
	"PIC_TEL" VARCHAR2(100 BYTE), 
	"PIC_EMAIL" VARCHAR2(100 BYTE)
   ) ;

   COMMENT ON COLUMN "TBL_SHOP"."SHOP_NM" IS '쇼핑몰명';
   COMMENT ON COLUMN "TBL_SHOP"."SHOP_WEB_ADS" IS '쇼핑몰 주소';
   COMMENT ON COLUMN "TBL_SHOP"."SHOP_EMAIL" IS '쇼핑몰 이메일';
   COMMENT ON COLUMN "TBL_SHOP"."SHOP_DESC" IS '쇼핑몰 소개';
   COMMENT ON COLUMN "TBL_SHOP"."OM_ST" IS '통신판매업 신고여부';
   COMMENT ON COLUMN "TBL_SHOP"."OM_NUM" IS '통신판매신고 번호';
   COMMENT ON COLUMN "TBL_SHOP"."CS_TEL" IS '고객센터 번호';
   COMMENT ON COLUMN "TBL_SHOP"."CS_EMAIL" IS '고객센터 이메일';
   COMMENT ON COLUMN "TBL_SHOP"."CS_HOUR" IS '고객센터 운영시간';
   COMMENT ON COLUMN "TBL_SHOP"."PIC_NM" IS '개인정보보호 책임자';
   COMMENT ON COLUMN "TBL_SHOP"."PIC_TEL" IS '개인정보보호 책임자 연락처';
   COMMENT ON COLUMN "TBL_SHOP"."PIC_EMAIL" IS '개인정보보호 책임자 이메일';
   COMMENT ON TABLE "TBL_SHOP"  IS '쇼핑몰 정보';
REM INSERTING into PRODUCT_IMAGE
SET DEFINE OFF;
Insert into PRODUCT_IMAGE (PD_IMG_PATH,PD_CODE,IMG_NUM,MAIN_IMG) values ('01_1.jpg',1,1,'Y');
Insert into PRODUCT_IMAGE (PD_IMG_PATH,PD_CODE,IMG_NUM,MAIN_IMG) values ('01_2.jpg',1,2,'N');
Insert into PRODUCT_IMAGE (PD_IMG_PATH,PD_CODE,IMG_NUM,MAIN_IMG) values ('02_1.jpg',2,3,'Y');
Insert into PRODUCT_IMAGE (PD_IMG_PATH,PD_CODE,IMG_NUM,MAIN_IMG) values ('02_2.jpg',2,4,'N');
Insert into PRODUCT_IMAGE (PD_IMG_PATH,PD_CODE,IMG_NUM,MAIN_IMG) values ('03_1.jpg',3,5,'Y');
Insert into PRODUCT_IMAGE (PD_IMG_PATH,PD_CODE,IMG_NUM,MAIN_IMG) values ('03_2.jpg',3,6,'N');
Insert into PRODUCT_IMAGE (PD_IMG_PATH,PD_CODE,IMG_NUM,MAIN_IMG) values ('04_1.jpg',4,7,'Y');
Insert into PRODUCT_IMAGE (PD_IMG_PATH,PD_CODE,IMG_NUM,MAIN_IMG) values ('04_2.jpg',4,8,'N');
Insert into PRODUCT_IMAGE (PD_IMG_PATH,PD_CODE,IMG_NUM,MAIN_IMG) values ('05_1.jpg',5,9,'Y');
Insert into PRODUCT_IMAGE (PD_IMG_PATH,PD_CODE,IMG_NUM,MAIN_IMG) values ('05_2.jpg',5,10,'N');
Insert into PRODUCT_IMAGE (PD_IMG_PATH,PD_CODE,IMG_NUM,MAIN_IMG) values ('06_1.jpg',6,11,'Y');
Insert into PRODUCT_IMAGE (PD_IMG_PATH,PD_CODE,IMG_NUM,MAIN_IMG) values ('06_2.jpg',6,12,'N');
Insert into PRODUCT_IMAGE (PD_IMG_PATH,PD_CODE,IMG_NUM,MAIN_IMG) values ('07_1.jpg',7,13,'Y');
Insert into PRODUCT_IMAGE (PD_IMG_PATH,PD_CODE,IMG_NUM,MAIN_IMG) values ('07_2.jpg',7,14,'N');
Insert into PRODUCT_IMAGE (PD_IMG_PATH,PD_CODE,IMG_NUM,MAIN_IMG) values ('08_1.jpg',8,15,'Y');
Insert into PRODUCT_IMAGE (PD_IMG_PATH,PD_CODE,IMG_NUM,MAIN_IMG) values ('08_2.jpg',8,16,'N');
Insert into PRODUCT_IMAGE (PD_IMG_PATH,PD_CODE,IMG_NUM,MAIN_IMG) values ('09_1.jpg',9,17,'Y');
Insert into PRODUCT_IMAGE (PD_IMG_PATH,PD_CODE,IMG_NUM,MAIN_IMG) values ('09_2.jpg',9,18,'N');
Insert into PRODUCT_IMAGE (PD_IMG_PATH,PD_CODE,IMG_NUM,MAIN_IMG) values ('16_1.jpg',16,19,'Y');
Insert into PRODUCT_IMAGE (PD_IMG_PATH,PD_CODE,IMG_NUM,MAIN_IMG) values ('16_2.jpg',16,20,'N');
Insert into PRODUCT_IMAGE (PD_IMG_PATH,PD_CODE,IMG_NUM,MAIN_IMG) values ('17_1.jpg',17,21,'Y');
Insert into PRODUCT_IMAGE (PD_IMG_PATH,PD_CODE,IMG_NUM,MAIN_IMG) values ('17_2.jpg',17,22,'N');
Insert into PRODUCT_IMAGE (PD_IMG_PATH,PD_CODE,IMG_NUM,MAIN_IMG) values ('10_1.jpg',10,23,'Y');
Insert into PRODUCT_IMAGE (PD_IMG_PATH,PD_CODE,IMG_NUM,MAIN_IMG) values ('11_1.jpg',11,24,'Y');
Insert into PRODUCT_IMAGE (PD_IMG_PATH,PD_CODE,IMG_NUM,MAIN_IMG) values ('12_1.jpg',12,25,'Y');
Insert into PRODUCT_IMAGE (PD_IMG_PATH,PD_CODE,IMG_NUM,MAIN_IMG) values ('13_1.jpg',13,26,'Y');
Insert into PRODUCT_IMAGE (PD_IMG_PATH,PD_CODE,IMG_NUM,MAIN_IMG) values ('14_1.jpg',14,27,'Y');
Insert into PRODUCT_IMAGE (PD_IMG_PATH,PD_CODE,IMG_NUM,MAIN_IMG) values ('14_2.jpg',14,28,'N');
Insert into PRODUCT_IMAGE (PD_IMG_PATH,PD_CODE,IMG_NUM,MAIN_IMG) values ('15_1.jpg',15,29,'Y');
Insert into PRODUCT_IMAGE (PD_IMG_PATH,PD_CODE,IMG_NUM,MAIN_IMG) values ('15_2.jpg',15,30,'N');
Insert into PRODUCT_IMAGE (PD_IMG_PATH,PD_CODE,IMG_NUM,MAIN_IMG) values ('18.jpg',18,31,'Y');
Insert into PRODUCT_IMAGE (PD_IMG_PATH,PD_CODE,IMG_NUM,MAIN_IMG) values ('19_1.jpg',19,32,'Y');
Insert into PRODUCT_IMAGE (PD_IMG_PATH,PD_CODE,IMG_NUM,MAIN_IMG) values ('19_2.jpg',19,33,'N');
Insert into PRODUCT_IMAGE (PD_IMG_PATH,PD_CODE,IMG_NUM,MAIN_IMG) values ('19_3.jpg',19,34,'N');
Insert into PRODUCT_IMAGE (PD_IMG_PATH,PD_CODE,IMG_NUM,MAIN_IMG) values ('20.jpg',20,35,'Y');
Insert into PRODUCT_IMAGE (PD_IMG_PATH,PD_CODE,IMG_NUM,MAIN_IMG) values ('21.jpg',21,36,'Y');
Insert into PRODUCT_IMAGE (PD_IMG_PATH,PD_CODE,IMG_NUM,MAIN_IMG) values ('22.jpg',22,37,'Y');
Insert into PRODUCT_IMAGE (PD_IMG_PATH,PD_CODE,IMG_NUM,MAIN_IMG) values ('23.jpg',23,38,'Y');
Insert into PRODUCT_IMAGE (PD_IMG_PATH,PD_CODE,IMG_NUM,MAIN_IMG) values ('24.jpg',24,39,'Y');
Insert into PRODUCT_IMAGE (PD_IMG_PATH,PD_CODE,IMG_NUM,MAIN_IMG) values ('25_1.jpg',25,40,'Y');
Insert into PRODUCT_IMAGE (PD_IMG_PATH,PD_CODE,IMG_NUM,MAIN_IMG) values ('25_2.jpg',25,41,'N');
Insert into PRODUCT_IMAGE (PD_IMG_PATH,PD_CODE,IMG_NUM,MAIN_IMG) values ('26.jpg',26,42,'Y');
Insert into PRODUCT_IMAGE (PD_IMG_PATH,PD_CODE,IMG_NUM,MAIN_IMG) values ('27_1.jpg',27,43,'Y');
Insert into PRODUCT_IMAGE (PD_IMG_PATH,PD_CODE,IMG_NUM,MAIN_IMG) values ('27_2.jpg',27,44,'N');
Insert into PRODUCT_IMAGE (PD_IMG_PATH,PD_CODE,IMG_NUM,MAIN_IMG) values ('28.jpg',28,45,'Y');
Insert into PRODUCT_IMAGE (PD_IMG_PATH,PD_CODE,IMG_NUM,MAIN_IMG) values ('29.jpg',29,46,'Y');
Insert into PRODUCT_IMAGE (PD_IMG_PATH,PD_CODE,IMG_NUM,MAIN_IMG) values ('30.jpg',30,47,'Y');
Insert into PRODUCT_IMAGE (PD_IMG_PATH,PD_CODE,IMG_NUM,MAIN_IMG) values ('31.jpg',31,48,'Y');
Insert into PRODUCT_IMAGE (PD_IMG_PATH,PD_CODE,IMG_NUM,MAIN_IMG) values ('32.jpg',32,49,'Y');
Insert into PRODUCT_IMAGE (PD_IMG_PATH,PD_CODE,IMG_NUM,MAIN_IMG) values ('33_1.jpg',33,50,'Y');
Insert into PRODUCT_IMAGE (PD_IMG_PATH,PD_CODE,IMG_NUM,MAIN_IMG) values ('33_2.jpg',33,51,'N');
Insert into PRODUCT_IMAGE (PD_IMG_PATH,PD_CODE,IMG_NUM,MAIN_IMG) values ('34_1.jpg',34,52,'Y');
Insert into PRODUCT_IMAGE (PD_IMG_PATH,PD_CODE,IMG_NUM,MAIN_IMG) values ('34_2.jpg',34,53,'N');
Insert into PRODUCT_IMAGE (PD_IMG_PATH,PD_CODE,IMG_NUM,MAIN_IMG) values ('34_3.jpg',34,54,'N');
Insert into PRODUCT_IMAGE (PD_IMG_PATH,PD_CODE,IMG_NUM,MAIN_IMG) values ('35.jpg',35,55,'Y');
Insert into PRODUCT_IMAGE (PD_IMG_PATH,PD_CODE,IMG_NUM,MAIN_IMG) values ('36.jpg',36,56,'Y');
Insert into PRODUCT_IMAGE (PD_IMG_PATH,PD_CODE,IMG_NUM,MAIN_IMG) values ('37.jpg',37,57,'Y');
Insert into PRODUCT_IMAGE (PD_IMG_PATH,PD_CODE,IMG_NUM,MAIN_IMG) values ('38.jpg',38,58,'Y');
Insert into PRODUCT_IMAGE (PD_IMG_PATH,PD_CODE,IMG_NUM,MAIN_IMG) values ('39.jpg',39,59,'Y');
Insert into PRODUCT_IMAGE (PD_IMG_PATH,PD_CODE,IMG_NUM,MAIN_IMG) values ('40.jpg',40,60,'Y');
Insert into PRODUCT_IMAGE (PD_IMG_PATH,PD_CODE,IMG_NUM,MAIN_IMG) values ('41.jpg',41,61,'Y');
Insert into PRODUCT_IMAGE (PD_IMG_PATH,PD_CODE,IMG_NUM,MAIN_IMG) values ('42.jpg',42,62,'Y');
Insert into PRODUCT_IMAGE (PD_IMG_PATH,PD_CODE,IMG_NUM,MAIN_IMG) values ('43.jpg',43,63,'Y');
Insert into PRODUCT_IMAGE (PD_IMG_PATH,PD_CODE,IMG_NUM,MAIN_IMG) values ('44_1.jpg',44,64,'Y');
Insert into PRODUCT_IMAGE (PD_IMG_PATH,PD_CODE,IMG_NUM,MAIN_IMG) values ('44_2.jpg',44,65,'N');
Insert into PRODUCT_IMAGE (PD_IMG_PATH,PD_CODE,IMG_NUM,MAIN_IMG) values ('45_1.jpg',45,66,'Y');
Insert into PRODUCT_IMAGE (PD_IMG_PATH,PD_CODE,IMG_NUM,MAIN_IMG) values ('45_2.jpg',45,67,'N');
Insert into PRODUCT_IMAGE (PD_IMG_PATH,PD_CODE,IMG_NUM,MAIN_IMG) values ('46_1.jpg',46,68,'Y');
Insert into PRODUCT_IMAGE (PD_IMG_PATH,PD_CODE,IMG_NUM,MAIN_IMG) values ('46_2.jpg',46,69,'N');
Insert into PRODUCT_IMAGE (PD_IMG_PATH,PD_CODE,IMG_NUM,MAIN_IMG) values ('47_1.jpg',47,70,'Y');
Insert into PRODUCT_IMAGE (PD_IMG_PATH,PD_CODE,IMG_NUM,MAIN_IMG) values ('47_2.jpg',47,71,'N');
Insert into PRODUCT_IMAGE (PD_IMG_PATH,PD_CODE,IMG_NUM,MAIN_IMG) values ('48.jpg',48,72,'Y');
Insert into PRODUCT_IMAGE (PD_IMG_PATH,PD_CODE,IMG_NUM,MAIN_IMG) values ('49.jpg',49,73,'N');
Insert into PRODUCT_IMAGE (PD_IMG_PATH,PD_CODE,IMG_NUM,MAIN_IMG) values ('50.jpg',50,74,'Y');
Insert into PRODUCT_IMAGE (PD_IMG_PATH,PD_CODE,IMG_NUM,MAIN_IMG) values ('51.jpg',51,75,'Y');
Insert into PRODUCT_IMAGE (PD_IMG_PATH,PD_CODE,IMG_NUM,MAIN_IMG) values ('52.jpg',52,76,'Y');
Insert into PRODUCT_IMAGE (PD_IMG_PATH,PD_CODE,IMG_NUM,MAIN_IMG) values ('53.jpg',53,77,'Y');
Insert into PRODUCT_IMAGE (PD_IMG_PATH,PD_CODE,IMG_NUM,MAIN_IMG) values ('54.jpg',54,78,'Y');
Insert into PRODUCT_IMAGE (PD_IMG_PATH,PD_CODE,IMG_NUM,MAIN_IMG) values ('55.jpg',55,79,'Y');
Insert into PRODUCT_IMAGE (PD_IMG_PATH,PD_CODE,IMG_NUM,MAIN_IMG) values ('56_1.jpg',56,80,'Y');
Insert into PRODUCT_IMAGE (PD_IMG_PATH,PD_CODE,IMG_NUM,MAIN_IMG) values ('56_2.jpg',56,81,'N');
Insert into PRODUCT_IMAGE (PD_IMG_PATH,PD_CODE,IMG_NUM,MAIN_IMG) values ('56_3.jpg',56,82,'N');
Insert into PRODUCT_IMAGE (PD_IMG_PATH,PD_CODE,IMG_NUM,MAIN_IMG) values ('56_4.jpg',56,83,'N');
Insert into PRODUCT_IMAGE (PD_IMG_PATH,PD_CODE,IMG_NUM,MAIN_IMG) values ('57.jpg',57,84,'Y');
Insert into PRODUCT_IMAGE (PD_IMG_PATH,PD_CODE,IMG_NUM,MAIN_IMG) values ('58.jpg',58,85,'Y');
Insert into PRODUCT_IMAGE (PD_IMG_PATH,PD_CODE,IMG_NUM,MAIN_IMG) values ('59.jpg',59,86,'Y');
Insert into PRODUCT_IMAGE (PD_IMG_PATH,PD_CODE,IMG_NUM,MAIN_IMG) values ('60.jpg',60,87,'Y');
Insert into PRODUCT_IMAGE (PD_IMG_PATH,PD_CODE,IMG_NUM,MAIN_IMG) values ('61.jpg',61,88,'Y');
Insert into PRODUCT_IMAGE (PD_IMG_PATH,PD_CODE,IMG_NUM,MAIN_IMG) values ('62.jpg',62,89,'Y');
Insert into PRODUCT_IMAGE (PD_IMG_PATH,PD_CODE,IMG_NUM,MAIN_IMG) values ('63.jpg',63,90,'Y');
Insert into PRODUCT_IMAGE (PD_IMG_PATH,PD_CODE,IMG_NUM,MAIN_IMG) values ('64.jpg',64,91,'Y');
Insert into PRODUCT_IMAGE (PD_IMG_PATH,PD_CODE,IMG_NUM,MAIN_IMG) values ('65.jpg',65,92,'Y');
Insert into PRODUCT_IMAGE (PD_IMG_PATH,PD_CODE,IMG_NUM,MAIN_IMG) values ('66.jpg',66,93,'Y');
Insert into PRODUCT_IMAGE (PD_IMG_PATH,PD_CODE,IMG_NUM,MAIN_IMG) values ('67.jpg',67,94,'Y');
Insert into PRODUCT_IMAGE (PD_IMG_PATH,PD_CODE,IMG_NUM,MAIN_IMG) values ('68.jpg',68,95,'Y');
Insert into PRODUCT_IMAGE (PD_IMG_PATH,PD_CODE,IMG_NUM,MAIN_IMG) values ('69.jpg',69,96,'Y');
Insert into PRODUCT_IMAGE (PD_IMG_PATH,PD_CODE,IMG_NUM,MAIN_IMG) values ('70.jpg',70,97,'Y');
Insert into PRODUCT_IMAGE (PD_IMG_PATH,PD_CODE,IMG_NUM,MAIN_IMG) values ('71.jpg',71,98,'Y');
Insert into PRODUCT_IMAGE (PD_IMG_PATH,PD_CODE,IMG_NUM,MAIN_IMG) values ('72.jpg',72,99,'Y');
Insert into PRODUCT_IMAGE (PD_IMG_PATH,PD_CODE,IMG_NUM,MAIN_IMG) values ('73_1.jpg',73,100,'Y');
Insert into PRODUCT_IMAGE (PD_IMG_PATH,PD_CODE,IMG_NUM,MAIN_IMG) values ('73_2.jpg',73,101,'N');
Insert into PRODUCT_IMAGE (PD_IMG_PATH,PD_CODE,IMG_NUM,MAIN_IMG) values ('73_3.jpg',73,102,'N');
Insert into PRODUCT_IMAGE (PD_IMG_PATH,PD_CODE,IMG_NUM,MAIN_IMG) values ('73_4.jpg',73,103,'N');
Insert into PRODUCT_IMAGE (PD_IMG_PATH,PD_CODE,IMG_NUM,MAIN_IMG) values ('74_1.jpg',74,104,'Y');
Insert into PRODUCT_IMAGE (PD_IMG_PATH,PD_CODE,IMG_NUM,MAIN_IMG) values ('74_2.jpg',74,105,'N');
Insert into PRODUCT_IMAGE (PD_IMG_PATH,PD_CODE,IMG_NUM,MAIN_IMG) values ('74_3.jpg',74,106,'N');
Insert into PRODUCT_IMAGE (PD_IMG_PATH,PD_CODE,IMG_NUM,MAIN_IMG) values ('74_4.jpg',74,107,'N');
Insert into PRODUCT_IMAGE (PD_IMG_PATH,PD_CODE,IMG_NUM,MAIN_IMG) values ('75_1.jpg',75,108,'Y');
Insert into PRODUCT_IMAGE (PD_IMG_PATH,PD_CODE,IMG_NUM,MAIN_IMG) values ('75_2.jpg',75,109,'N');
Insert into PRODUCT_IMAGE (PD_IMG_PATH,PD_CODE,IMG_NUM,MAIN_IMG) values ('75_3.jpg',75,110,'N');
Insert into PRODUCT_IMAGE (PD_IMG_PATH,PD_CODE,IMG_NUM,MAIN_IMG) values ('75_4.jpg',75,111,'N');
Insert into PRODUCT_IMAGE (PD_IMG_PATH,PD_CODE,IMG_NUM,MAIN_IMG) values ('76_1.jpg',76,112,'Y');
Insert into PRODUCT_IMAGE (PD_IMG_PATH,PD_CODE,IMG_NUM,MAIN_IMG) values ('76_2.jpg',76,113,'N');
Insert into PRODUCT_IMAGE (PD_IMG_PATH,PD_CODE,IMG_NUM,MAIN_IMG) values ('76_3.jpg',76,114,'N');
Insert into PRODUCT_IMAGE (PD_IMG_PATH,PD_CODE,IMG_NUM,MAIN_IMG) values ('77_1.jpg',77,115,'Y');
Insert into PRODUCT_IMAGE (PD_IMG_PATH,PD_CODE,IMG_NUM,MAIN_IMG) values ('77_2.jpg',77,116,'N');
Insert into PRODUCT_IMAGE (PD_IMG_PATH,PD_CODE,IMG_NUM,MAIN_IMG) values ('77_3.jpg',77,117,'N');
Insert into PRODUCT_IMAGE (PD_IMG_PATH,PD_CODE,IMG_NUM,MAIN_IMG) values ('78_1.jpg',78,118,'Y');
Insert into PRODUCT_IMAGE (PD_IMG_PATH,PD_CODE,IMG_NUM,MAIN_IMG) values ('78_2.jpg',78,119,'N');
Insert into PRODUCT_IMAGE (PD_IMG_PATH,PD_CODE,IMG_NUM,MAIN_IMG) values ('78_3.jpg',78,120,'N');
Insert into PRODUCT_IMAGE (PD_IMG_PATH,PD_CODE,IMG_NUM,MAIN_IMG) values ('79_1.jpg',79,121,'Y');
Insert into PRODUCT_IMAGE (PD_IMG_PATH,PD_CODE,IMG_NUM,MAIN_IMG) values ('79_2.jpg',79,122,'N');
Insert into PRODUCT_IMAGE (PD_IMG_PATH,PD_CODE,IMG_NUM,MAIN_IMG) values ('79_3.jpg',79,123,'N');
Insert into PRODUCT_IMAGE (PD_IMG_PATH,PD_CODE,IMG_NUM,MAIN_IMG) values ('80_1.jpg',80,124,'Y');
Insert into PRODUCT_IMAGE (PD_IMG_PATH,PD_CODE,IMG_NUM,MAIN_IMG) values ('80_2.jpg',80,125,'N');
Insert into PRODUCT_IMAGE (PD_IMG_PATH,PD_CODE,IMG_NUM,MAIN_IMG) values ('80_3.jpg',80,126,'N');
Insert into PRODUCT_IMAGE (PD_IMG_PATH,PD_CODE,IMG_NUM,MAIN_IMG) values ('81_1.jpg',81,127,'Y');
Insert into PRODUCT_IMAGE (PD_IMG_PATH,PD_CODE,IMG_NUM,MAIN_IMG) values ('81_2.jpg',81,128,'N');
Insert into PRODUCT_IMAGE (PD_IMG_PATH,PD_CODE,IMG_NUM,MAIN_IMG) values ('81_3.jpg',81,129,'N');
Insert into PRODUCT_IMAGE (PD_IMG_PATH,PD_CODE,IMG_NUM,MAIN_IMG) values ('82_1.jpg',82,130,'Y');
Insert into PRODUCT_IMAGE (PD_IMG_PATH,PD_CODE,IMG_NUM,MAIN_IMG) values ('82_2.jpg',82,131,'N');
Insert into PRODUCT_IMAGE (PD_IMG_PATH,PD_CODE,IMG_NUM,MAIN_IMG) values ('82_3.jpg',82,132,'N');
Insert into PRODUCT_IMAGE (PD_IMG_PATH,PD_CODE,IMG_NUM,MAIN_IMG) values ('83_1.jpg',83,133,'Y');
Insert into PRODUCT_IMAGE (PD_IMG_PATH,PD_CODE,IMG_NUM,MAIN_IMG) values ('83_2.jpg',83,134,'N');
Insert into PRODUCT_IMAGE (PD_IMG_PATH,PD_CODE,IMG_NUM,MAIN_IMG) values ('83_3.jpg',83,135,'N');
Insert into PRODUCT_IMAGE (PD_IMG_PATH,PD_CODE,IMG_NUM,MAIN_IMG) values ('84_1.jpg',84,136,'Y');
Insert into PRODUCT_IMAGE (PD_IMG_PATH,PD_CODE,IMG_NUM,MAIN_IMG) values ('84_2.jpg',84,137,'N');
Insert into PRODUCT_IMAGE (PD_IMG_PATH,PD_CODE,IMG_NUM,MAIN_IMG) values ('84_3.jpg',84,138,'N');
Insert into PRODUCT_IMAGE (PD_IMG_PATH,PD_CODE,IMG_NUM,MAIN_IMG) values ('85_1.jpg',85,139,'Y');
Insert into PRODUCT_IMAGE (PD_IMG_PATH,PD_CODE,IMG_NUM,MAIN_IMG) values ('85_2.jpg',85,140,'N');
Insert into PRODUCT_IMAGE (PD_IMG_PATH,PD_CODE,IMG_NUM,MAIN_IMG) values ('85_3.jpg',85,141,'N');
Insert into PRODUCT_IMAGE (PD_IMG_PATH,PD_CODE,IMG_NUM,MAIN_IMG) values ('86_1.jpg',86,142,'Y');
Insert into PRODUCT_IMAGE (PD_IMG_PATH,PD_CODE,IMG_NUM,MAIN_IMG) values ('86_2.jpg',86,143,'N');
Insert into PRODUCT_IMAGE (PD_IMG_PATH,PD_CODE,IMG_NUM,MAIN_IMG) values ('86_3.jpg',86,144,'N');
Insert into PRODUCT_IMAGE (PD_IMG_PATH,PD_CODE,IMG_NUM,MAIN_IMG) values ('87_1.jpg',87,145,'Y');
Insert into PRODUCT_IMAGE (PD_IMG_PATH,PD_CODE,IMG_NUM,MAIN_IMG) values ('87_2.jpg',87,146,'N');
Insert into PRODUCT_IMAGE (PD_IMG_PATH,PD_CODE,IMG_NUM,MAIN_IMG) values ('87_3.jpg',87,147,'N');
Insert into PRODUCT_IMAGE (PD_IMG_PATH,PD_CODE,IMG_NUM,MAIN_IMG) values ('88_1.jpg',88,148,'Y');
Insert into PRODUCT_IMAGE (PD_IMG_PATH,PD_CODE,IMG_NUM,MAIN_IMG) values ('88_2.jpg',88,149,'N');
Insert into PRODUCT_IMAGE (PD_IMG_PATH,PD_CODE,IMG_NUM,MAIN_IMG) values ('88_3.jpg',88,150,'N');
Insert into PRODUCT_IMAGE (PD_IMG_PATH,PD_CODE,IMG_NUM,MAIN_IMG) values ('89_1.jpg',89,151,'Y');
Insert into PRODUCT_IMAGE (PD_IMG_PATH,PD_CODE,IMG_NUM,MAIN_IMG) values ('89_2.jpg',89,152,'N');
Insert into PRODUCT_IMAGE (PD_IMG_PATH,PD_CODE,IMG_NUM,MAIN_IMG) values ('89_3.jpg',89,153,'N');
Insert into PRODUCT_IMAGE (PD_IMG_PATH,PD_CODE,IMG_NUM,MAIN_IMG) values ('90_1.jpg',90,154,'Y');
Insert into PRODUCT_IMAGE (PD_IMG_PATH,PD_CODE,IMG_NUM,MAIN_IMG) values ('90_2.jpg',90,155,'N');
Insert into PRODUCT_IMAGE (PD_IMG_PATH,PD_CODE,IMG_NUM,MAIN_IMG) values ('90_3.jpg',90,156,'N');
Insert into PRODUCT_IMAGE (PD_IMG_PATH,PD_CODE,IMG_NUM,MAIN_IMG) values ('91_1.jpg',91,157,'Y');
Insert into PRODUCT_IMAGE (PD_IMG_PATH,PD_CODE,IMG_NUM,MAIN_IMG) values ('91_2.jpg',91,158,'N');
Insert into PRODUCT_IMAGE (PD_IMG_PATH,PD_CODE,IMG_NUM,MAIN_IMG) values ('91_3.jpg',91,159,'N');
Insert into PRODUCT_IMAGE (PD_IMG_PATH,PD_CODE,IMG_NUM,MAIN_IMG) values ('92_1.jpg',92,160,'Y');
Insert into PRODUCT_IMAGE (PD_IMG_PATH,PD_CODE,IMG_NUM,MAIN_IMG) values ('92_2.jpg',92,161,'N');
Insert into PRODUCT_IMAGE (PD_IMG_PATH,PD_CODE,IMG_NUM,MAIN_IMG) values ('92_3.jpg',92,162,'N');
Insert into PRODUCT_IMAGE (PD_IMG_PATH,PD_CODE,IMG_NUM,MAIN_IMG) values ('93_1.jpg',93,163,'Y');
Insert into PRODUCT_IMAGE (PD_IMG_PATH,PD_CODE,IMG_NUM,MAIN_IMG) values ('93_2.jpg',93,164,'N');
Insert into PRODUCT_IMAGE (PD_IMG_PATH,PD_CODE,IMG_NUM,MAIN_IMG) values ('93_3.jpg',93,165,'N');
Insert into PRODUCT_IMAGE (PD_IMG_PATH,PD_CODE,IMG_NUM,MAIN_IMG) values ('94_1.jpg',94,166,'Y');
Insert into PRODUCT_IMAGE (PD_IMG_PATH,PD_CODE,IMG_NUM,MAIN_IMG) values ('94_2.jpg',94,167,'N');
Insert into PRODUCT_IMAGE (PD_IMG_PATH,PD_CODE,IMG_NUM,MAIN_IMG) values ('94_3.jpg',94,168,'N');
Insert into PRODUCT_IMAGE (PD_IMG_PATH,PD_CODE,IMG_NUM,MAIN_IMG) values ('95_1.jpg',95,169,'Y');
Insert into PRODUCT_IMAGE (PD_IMG_PATH,PD_CODE,IMG_NUM,MAIN_IMG) values ('95_2.jpg',95,170,'N');
Insert into PRODUCT_IMAGE (PD_IMG_PATH,PD_CODE,IMG_NUM,MAIN_IMG) values ('95_3.jpg',95,171,'N');
Insert into PRODUCT_IMAGE (PD_IMG_PATH,PD_CODE,IMG_NUM,MAIN_IMG) values ('96_1.jpg',96,172,'Y');
Insert into PRODUCT_IMAGE (PD_IMG_PATH,PD_CODE,IMG_NUM,MAIN_IMG) values ('96_2.jpg',96,173,'N');
Insert into PRODUCT_IMAGE (PD_IMG_PATH,PD_CODE,IMG_NUM,MAIN_IMG) values ('96_3.jpg',96,174,'N');
Insert into PRODUCT_IMAGE (PD_IMG_PATH,PD_CODE,IMG_NUM,MAIN_IMG) values ('97_1.jpg',97,175,'Y');
Insert into PRODUCT_IMAGE (PD_IMG_PATH,PD_CODE,IMG_NUM,MAIN_IMG) values ('97_2.jpg',97,176,'N');
Insert into PRODUCT_IMAGE (PD_IMG_PATH,PD_CODE,IMG_NUM,MAIN_IMG) values ('97_3.jpg',97,177,'N');
Insert into PRODUCT_IMAGE (PD_IMG_PATH,PD_CODE,IMG_NUM,MAIN_IMG) values ('98_1.jpg',98,178,'Y');
Insert into PRODUCT_IMAGE (PD_IMG_PATH,PD_CODE,IMG_NUM,MAIN_IMG) values ('98_2.jpg',98,179,'N');
Insert into PRODUCT_IMAGE (PD_IMG_PATH,PD_CODE,IMG_NUM,MAIN_IMG) values ('98_3.jpg',98,180,'N');
Insert into PRODUCT_IMAGE (PD_IMG_PATH,PD_CODE,IMG_NUM,MAIN_IMG) values ('99_1.jpg',99,181,'Y');
Insert into PRODUCT_IMAGE (PD_IMG_PATH,PD_CODE,IMG_NUM,MAIN_IMG) values ('99_2.jpg',99,182,'N');
Insert into PRODUCT_IMAGE (PD_IMG_PATH,PD_CODE,IMG_NUM,MAIN_IMG) values ('100.jpg',100,183,'Y');
Insert into PRODUCT_IMAGE (PD_IMG_PATH,PD_CODE,IMG_NUM,MAIN_IMG) values ('101_1.jpg',101,184,'Y');
Insert into PRODUCT_IMAGE (PD_IMG_PATH,PD_CODE,IMG_NUM,MAIN_IMG) values ('101_2.jpg',101,185,'N');
Insert into PRODUCT_IMAGE (PD_IMG_PATH,PD_CODE,IMG_NUM,MAIN_IMG) values ('101_3.jpg',101,186,'N');
Insert into PRODUCT_IMAGE (PD_IMG_PATH,PD_CODE,IMG_NUM,MAIN_IMG) values ('101_4.jpg',101,187,'N');
Insert into PRODUCT_IMAGE (PD_IMG_PATH,PD_CODE,IMG_NUM,MAIN_IMG) values ('101_5.jpg',101,188,'N');
Insert into PRODUCT_IMAGE (PD_IMG_PATH,PD_CODE,IMG_NUM,MAIN_IMG) values ('101_6.jpg',101,189,'N');
Insert into PRODUCT_IMAGE (PD_IMG_PATH,PD_CODE,IMG_NUM,MAIN_IMG) values ('102_1.jpg',102,190,'Y');
Insert into PRODUCT_IMAGE (PD_IMG_PATH,PD_CODE,IMG_NUM,MAIN_IMG) values ('102_2.jpg',102,191,'N');
Insert into PRODUCT_IMAGE (PD_IMG_PATH,PD_CODE,IMG_NUM,MAIN_IMG) values ('102_3.jpg',102,192,'N');
Insert into PRODUCT_IMAGE (PD_IMG_PATH,PD_CODE,IMG_NUM,MAIN_IMG) values ('102_4.jpg',102,193,'N');
Insert into PRODUCT_IMAGE (PD_IMG_PATH,PD_CODE,IMG_NUM,MAIN_IMG) values ('102_5.jpg',102,194,'N');
Insert into PRODUCT_IMAGE (PD_IMG_PATH,PD_CODE,IMG_NUM,MAIN_IMG) values ('102_6.jpg',102,195,'N');
Insert into PRODUCT_IMAGE (PD_IMG_PATH,PD_CODE,IMG_NUM,MAIN_IMG) values ('103_1.jpg',103,196,'Y');
Insert into PRODUCT_IMAGE (PD_IMG_PATH,PD_CODE,IMG_NUM,MAIN_IMG) values ('103_2.jpg',103,197,'N');
Insert into PRODUCT_IMAGE (PD_IMG_PATH,PD_CODE,IMG_NUM,MAIN_IMG) values ('103_3.jpg',103,198,'N');
Insert into PRODUCT_IMAGE (PD_IMG_PATH,PD_CODE,IMG_NUM,MAIN_IMG) values ('103_4.jpg',103,199,'N');
Insert into PRODUCT_IMAGE (PD_IMG_PATH,PD_CODE,IMG_NUM,MAIN_IMG) values ('103_5.jpg',103,200,'N');
Insert into PRODUCT_IMAGE (PD_IMG_PATH,PD_CODE,IMG_NUM,MAIN_IMG) values ('104_1.jpg',104,201,'Y');
Insert into PRODUCT_IMAGE (PD_IMG_PATH,PD_CODE,IMG_NUM,MAIN_IMG) values ('104_2.jpg',104,202,'N');
Insert into PRODUCT_IMAGE (PD_IMG_PATH,PD_CODE,IMG_NUM,MAIN_IMG) values ('104_3.jpg',104,203,'N');
Insert into PRODUCT_IMAGE (PD_IMG_PATH,PD_CODE,IMG_NUM,MAIN_IMG) values ('104_4.jpg',104,204,'N');
Insert into PRODUCT_IMAGE (PD_IMG_PATH,PD_CODE,IMG_NUM,MAIN_IMG) values ('104_5.jpg',104,205,'N');
Insert into PRODUCT_IMAGE (PD_IMG_PATH,PD_CODE,IMG_NUM,MAIN_IMG) values ('104_6.jpg',104,206,'N');
Insert into PRODUCT_IMAGE (PD_IMG_PATH,PD_CODE,IMG_NUM,MAIN_IMG) values ('104_7.jpg',104,207,'N');
Insert into PRODUCT_IMAGE (PD_IMG_PATH,PD_CODE,IMG_NUM,MAIN_IMG) values ('105_1.jpg',105,208,'Y');
Insert into PRODUCT_IMAGE (PD_IMG_PATH,PD_CODE,IMG_NUM,MAIN_IMG) values ('105_2.jpg',105,209,'N');
Insert into PRODUCT_IMAGE (PD_IMG_PATH,PD_CODE,IMG_NUM,MAIN_IMG) values ('105_3.jpg',105,210,'N');
Insert into PRODUCT_IMAGE (PD_IMG_PATH,PD_CODE,IMG_NUM,MAIN_IMG) values ('105_4.jpg',105,211,'N');
Insert into PRODUCT_IMAGE (PD_IMG_PATH,PD_CODE,IMG_NUM,MAIN_IMG) values ('105_5.jpg',105,212,'N');
Insert into PRODUCT_IMAGE (PD_IMG_PATH,PD_CODE,IMG_NUM,MAIN_IMG) values ('105_6.jpg',105,213,'N');
Insert into PRODUCT_IMAGE (PD_IMG_PATH,PD_CODE,IMG_NUM,MAIN_IMG) values ('106_1.jpg',106,214,'Y');
Insert into PRODUCT_IMAGE (PD_IMG_PATH,PD_CODE,IMG_NUM,MAIN_IMG) values ('106_2.jpg',106,215,'N');
Insert into PRODUCT_IMAGE (PD_IMG_PATH,PD_CODE,IMG_NUM,MAIN_IMG) values ('106_3.jpg',106,216,'N');
Insert into PRODUCT_IMAGE (PD_IMG_PATH,PD_CODE,IMG_NUM,MAIN_IMG) values ('106_4.jpg',106,217,'N');
Insert into PRODUCT_IMAGE (PD_IMG_PATH,PD_CODE,IMG_NUM,MAIN_IMG) values ('106_5.jpg',106,218,'N');
Insert into PRODUCT_IMAGE (PD_IMG_PATH,PD_CODE,IMG_NUM,MAIN_IMG) values ('106_6.jpg',106,219,'N');
Insert into PRODUCT_IMAGE (PD_IMG_PATH,PD_CODE,IMG_NUM,MAIN_IMG) values ('107_1.jpg',107,220,'Y');
Insert into PRODUCT_IMAGE (PD_IMG_PATH,PD_CODE,IMG_NUM,MAIN_IMG) values ('107_2.jpg',107,221,'N');
Insert into PRODUCT_IMAGE (PD_IMG_PATH,PD_CODE,IMG_NUM,MAIN_IMG) values ('107_3.jpg',107,222,'N');
Insert into PRODUCT_IMAGE (PD_IMG_PATH,PD_CODE,IMG_NUM,MAIN_IMG) values ('107_4.jpg',107,223,'N');
Insert into PRODUCT_IMAGE (PD_IMG_PATH,PD_CODE,IMG_NUM,MAIN_IMG) values ('107_5.jpg',107,224,'N');
Insert into PRODUCT_IMAGE (PD_IMG_PATH,PD_CODE,IMG_NUM,MAIN_IMG) values ('107_6.jpg',107,225,'N');
Insert into PRODUCT_IMAGE (PD_IMG_PATH,PD_CODE,IMG_NUM,MAIN_IMG) values ('108_1.jpg',108,226,'Y');
Insert into PRODUCT_IMAGE (PD_IMG_PATH,PD_CODE,IMG_NUM,MAIN_IMG) values ('108_2.jpg',108,227,'N');
Insert into PRODUCT_IMAGE (PD_IMG_PATH,PD_CODE,IMG_NUM,MAIN_IMG) values ('108_3.jpg',108,228,'N');
Insert into PRODUCT_IMAGE (PD_IMG_PATH,PD_CODE,IMG_NUM,MAIN_IMG) values ('109_1.jpg',109,229,'Y');
Insert into PRODUCT_IMAGE (PD_IMG_PATH,PD_CODE,IMG_NUM,MAIN_IMG) values ('109_2.jpg',109,230,'N');
Insert into PRODUCT_IMAGE (PD_IMG_PATH,PD_CODE,IMG_NUM,MAIN_IMG) values ('109_3.jpg',109,231,'N');
Insert into PRODUCT_IMAGE (PD_IMG_PATH,PD_CODE,IMG_NUM,MAIN_IMG) values ('109_4.jpg',109,232,'N');
Insert into PRODUCT_IMAGE (PD_IMG_PATH,PD_CODE,IMG_NUM,MAIN_IMG) values ('109_5.jpg',109,233,'N');
Insert into PRODUCT_IMAGE (PD_IMG_PATH,PD_CODE,IMG_NUM,MAIN_IMG) values ('110_1.jpg',110,234,'Y');
Insert into PRODUCT_IMAGE (PD_IMG_PATH,PD_CODE,IMG_NUM,MAIN_IMG) values ('110_2.jpg',110,235,'N');
Insert into PRODUCT_IMAGE (PD_IMG_PATH,PD_CODE,IMG_NUM,MAIN_IMG) values ('110_3.jpg',110,236,'N');
Insert into PRODUCT_IMAGE (PD_IMG_PATH,PD_CODE,IMG_NUM,MAIN_IMG) values ('111_1.jpg',111,237,'Y');
Insert into PRODUCT_IMAGE (PD_IMG_PATH,PD_CODE,IMG_NUM,MAIN_IMG) values ('111_2.jpg',111,238,'N');
Insert into PRODUCT_IMAGE (PD_IMG_PATH,PD_CODE,IMG_NUM,MAIN_IMG) values ('111_3.jpg',111,239,'N');
Insert into PRODUCT_IMAGE (PD_IMG_PATH,PD_CODE,IMG_NUM,MAIN_IMG) values ('111_4.jpg',111,240,'N');
Insert into PRODUCT_IMAGE (PD_IMG_PATH,PD_CODE,IMG_NUM,MAIN_IMG) values ('111_5.jpg',111,241,'N');
Insert into PRODUCT_IMAGE (PD_IMG_PATH,PD_CODE,IMG_NUM,MAIN_IMG) values ('111_6.jpg',111,242,'N');
Insert into PRODUCT_IMAGE (PD_IMG_PATH,PD_CODE,IMG_NUM,MAIN_IMG) values ('112_1.jpg',112,243,'Y');
Insert into PRODUCT_IMAGE (PD_IMG_PATH,PD_CODE,IMG_NUM,MAIN_IMG) values ('112_2.jpg',112,244,'N');
Insert into PRODUCT_IMAGE (PD_IMG_PATH,PD_CODE,IMG_NUM,MAIN_IMG) values ('112_3.jpg',112,245,'N');
Insert into PRODUCT_IMAGE (PD_IMG_PATH,PD_CODE,IMG_NUM,MAIN_IMG) values ('112_4.jpg',112,246,'N');
Insert into PRODUCT_IMAGE (PD_IMG_PATH,PD_CODE,IMG_NUM,MAIN_IMG) values ('112_5.jpg',112,247,'N');
Insert into PRODUCT_IMAGE (PD_IMG_PATH,PD_CODE,IMG_NUM,MAIN_IMG) values ('113_1.jpg',113,248,'Y');
Insert into PRODUCT_IMAGE (PD_IMG_PATH,PD_CODE,IMG_NUM,MAIN_IMG) values ('113_2.jpg',113,249,'N');
Insert into PRODUCT_IMAGE (PD_IMG_PATH,PD_CODE,IMG_NUM,MAIN_IMG) values ('113_3.jpg',113,250,'N');
Insert into PRODUCT_IMAGE (PD_IMG_PATH,PD_CODE,IMG_NUM,MAIN_IMG) values ('113_4.jpg',113,251,'N');
Insert into PRODUCT_IMAGE (PD_IMG_PATH,PD_CODE,IMG_NUM,MAIN_IMG) values ('113_5.jpg',113,252,'N');
Insert into PRODUCT_IMAGE (PD_IMG_PATH,PD_CODE,IMG_NUM,MAIN_IMG) values ('113_6.jpg',113,253,'N');
Insert into PRODUCT_IMAGE (PD_IMG_PATH,PD_CODE,IMG_NUM,MAIN_IMG) values ('113_7.jpg',113,254,'N');
Insert into PRODUCT_IMAGE (PD_IMG_PATH,PD_CODE,IMG_NUM,MAIN_IMG) values ('114_1.jpg',114,255,'Y');
Insert into PRODUCT_IMAGE (PD_IMG_PATH,PD_CODE,IMG_NUM,MAIN_IMG) values ('114_2.jpg',114,256,'N');
Insert into PRODUCT_IMAGE (PD_IMG_PATH,PD_CODE,IMG_NUM,MAIN_IMG) values ('114_3.jpg',114,257,'N');
Insert into PRODUCT_IMAGE (PD_IMG_PATH,PD_CODE,IMG_NUM,MAIN_IMG) values ('114_4.jpg',114,258,'N');
Insert into PRODUCT_IMAGE (PD_IMG_PATH,PD_CODE,IMG_NUM,MAIN_IMG) values ('114_5.jpg',114,259,'N');
Insert into PRODUCT_IMAGE (PD_IMG_PATH,PD_CODE,IMG_NUM,MAIN_IMG) values ('115_1.jpg',115,260,'Y');
Insert into PRODUCT_IMAGE (PD_IMG_PATH,PD_CODE,IMG_NUM,MAIN_IMG) values ('115_2.jpg',115,261,'N');
Insert into PRODUCT_IMAGE (PD_IMG_PATH,PD_CODE,IMG_NUM,MAIN_IMG) values ('116_1.jpg',116,262,'Y');
Insert into PRODUCT_IMAGE (PD_IMG_PATH,PD_CODE,IMG_NUM,MAIN_IMG) values ('116_2.jpg',116,263,'N');
Insert into PRODUCT_IMAGE (PD_IMG_PATH,PD_CODE,IMG_NUM,MAIN_IMG) values ('116_3.jpg',116,264,'N');
Insert into PRODUCT_IMAGE (PD_IMG_PATH,PD_CODE,IMG_NUM,MAIN_IMG) values ('117_1.jpg',117,265,'Y');
Insert into PRODUCT_IMAGE (PD_IMG_PATH,PD_CODE,IMG_NUM,MAIN_IMG) values ('117_2.jpg',117,266,'N');
Insert into PRODUCT_IMAGE (PD_IMG_PATH,PD_CODE,IMG_NUM,MAIN_IMG) values ('117_3.jpg',117,267,'N');
Insert into PRODUCT_IMAGE (PD_IMG_PATH,PD_CODE,IMG_NUM,MAIN_IMG) values ('117_4.jpg',117,268,'N');
Insert into PRODUCT_IMAGE (PD_IMG_PATH,PD_CODE,IMG_NUM,MAIN_IMG) values ('117_5.jpg',117,269,'N');
REM INSERTING into PRODUCT_OPTION
SET DEFINE OFF;
Insert into PRODUCT_OPTION (OPTION_NM,OPTION_STOCK,PD_CODE,OP_CODE) values ('블랙 | 주광색 (6500K)',100,1,1);
Insert into PRODUCT_OPTION (OPTION_NM,OPTION_STOCK,PD_CODE,OP_CODE) values ('화이트 | 주광색 (6500K)',100,1,2);
Insert into PRODUCT_OPTION (OPTION_NM,OPTION_STOCK,PD_CODE,OP_CODE) values ('블랙 | 주광색 (6500K)',100,2,3);
Insert into PRODUCT_OPTION (OPTION_NM,OPTION_STOCK,PD_CODE,OP_CODE) values ('화이트 | 주광색 (6500K)',100,2,4);
Insert into PRODUCT_OPTION (OPTION_NM,OPTION_STOCK,PD_CODE,OP_CODE) values ('블랙 | 주광색 (6500K)',100,3,5);
Insert into PRODUCT_OPTION (OPTION_NM,OPTION_STOCK,PD_CODE,OP_CODE) values ('화이트 | 주광색 (6500K)',100,3,6);
Insert into PRODUCT_OPTION (OPTION_NM,OPTION_STOCK,PD_CODE,OP_CODE) values ('블랙 | 주광색 (6500K)',100,4,7);
Insert into PRODUCT_OPTION (OPTION_NM,OPTION_STOCK,PD_CODE,OP_CODE) values ('화이트 | 주광색 (6500K)',100,4,8);
Insert into PRODUCT_OPTION (OPTION_NM,OPTION_STOCK,PD_CODE,OP_CODE) values ('블랙 | 주광색 (6500K)',100,5,9);
Insert into PRODUCT_OPTION (OPTION_NM,OPTION_STOCK,PD_CODE,OP_CODE) values ('화이트 | 주광색 (6500K)',100,5,10);
Insert into PRODUCT_OPTION (OPTION_NM,OPTION_STOCK,PD_CODE,OP_CODE) values ('블랙 | 주광색 (6500K)',100,6,11);
Insert into PRODUCT_OPTION (OPTION_NM,OPTION_STOCK,PD_CODE,OP_CODE) values ('화이트 | 주광색 (6500K)',100,6,12);
Insert into PRODUCT_OPTION (OPTION_NM,OPTION_STOCK,PD_CODE,OP_CODE) values ('블랙 | 주광색 (6500K)',100,7,13);
Insert into PRODUCT_OPTION (OPTION_NM,OPTION_STOCK,PD_CODE,OP_CODE) values ('화이트 | 주광색 (6500K)',100,7,14);
Insert into PRODUCT_OPTION (OPTION_NM,OPTION_STOCK,PD_CODE,OP_CODE) values ('블랙 | 주광색 (6500K)',100,8,15);
Insert into PRODUCT_OPTION (OPTION_NM,OPTION_STOCK,PD_CODE,OP_CODE) values ('화이트 | 주광색 (6500K)',100,8,16);
Insert into PRODUCT_OPTION (OPTION_NM,OPTION_STOCK,PD_CODE,OP_CODE) values ('블랙 | 주광색 (6500K)',100,9,17);
Insert into PRODUCT_OPTION (OPTION_NM,OPTION_STOCK,PD_CODE,OP_CODE) values ('화이트 | 주광색 (6500K)',100,9,18);
Insert into PRODUCT_OPTION (OPTION_NM,OPTION_STOCK,PD_CODE,OP_CODE) values ('화이트 | 전구색 (3000K)',100,10,19);
Insert into PRODUCT_OPTION (OPTION_NM,OPTION_STOCK,PD_CODE,OP_CODE) values ('화이트 | 주광색 (6500K)',100,10,20);
Insert into PRODUCT_OPTION (OPTION_NM,OPTION_STOCK,PD_CODE,OP_CODE) values ('화이트 | 전구색 (3000K)',100,11,21);
Insert into PRODUCT_OPTION (OPTION_NM,OPTION_STOCK,PD_CODE,OP_CODE) values ('화이트 | 주광색 (6500K)',100,11,22);
Insert into PRODUCT_OPTION (OPTION_NM,OPTION_STOCK,PD_CODE,OP_CODE) values ('화이트 | 전구색 (3000K)',100,12,23);
Insert into PRODUCT_OPTION (OPTION_NM,OPTION_STOCK,PD_CODE,OP_CODE) values ('화이트 | 주백색 (4000K)',100,12,24);
Insert into PRODUCT_OPTION (OPTION_NM,OPTION_STOCK,PD_CODE,OP_CODE) values ('화이트 | 주광색 (6500K)',100,12,25);
Insert into PRODUCT_OPTION (OPTION_NM,OPTION_STOCK,PD_CODE,OP_CODE) values ('화이트 | 전구색 (3000K)',100,13,26);
Insert into PRODUCT_OPTION (OPTION_NM,OPTION_STOCK,PD_CODE,OP_CODE) values ('화이트 | 주백색 (4000K)',100,13,27);
Insert into PRODUCT_OPTION (OPTION_NM,OPTION_STOCK,PD_CODE,OP_CODE) values ('화이트 | 주광색 (6500K)',100,13,28);
Insert into PRODUCT_OPTION (OPTION_NM,OPTION_STOCK,PD_CODE,OP_CODE) values ('화이트 | 전구색 (3000K)',100,14,29);
Insert into PRODUCT_OPTION (OPTION_NM,OPTION_STOCK,PD_CODE,OP_CODE) values ('화이트 | 주광색 (6500K)',100,14,30);
Insert into PRODUCT_OPTION (OPTION_NM,OPTION_STOCK,PD_CODE,OP_CODE) values ('화이트 | 전구색 (3000K)',100,15,31);
Insert into PRODUCT_OPTION (OPTION_NM,OPTION_STOCK,PD_CODE,OP_CODE) values ('화이트 | 주광색 (6500K)',100,15,32);
Insert into PRODUCT_OPTION (OPTION_NM,OPTION_STOCK,PD_CODE,OP_CODE) values ('블랙 | 주광색 (6500K)',100,16,33);
Insert into PRODUCT_OPTION (OPTION_NM,OPTION_STOCK,PD_CODE,OP_CODE) values ('화이트 | 주광색 (6500K)',100,16,34);
Insert into PRODUCT_OPTION (OPTION_NM,OPTION_STOCK,PD_CODE,OP_CODE) values ('블랙 | 주광색 (6500K)',100,17,35);
Insert into PRODUCT_OPTION (OPTION_NM,OPTION_STOCK,PD_CODE,OP_CODE) values ('화이트 | 주광색 (6500K)',100,17,36);
Insert into PRODUCT_OPTION (OPTION_NM,OPTION_STOCK,PD_CODE,OP_CODE) values ('화이트 | 전구색 (3000K)',100,18,37);
Insert into PRODUCT_OPTION (OPTION_NM,OPTION_STOCK,PD_CODE,OP_CODE) values ('화이트 | 주백색 (4000K)',100,18,38);
Insert into PRODUCT_OPTION (OPTION_NM,OPTION_STOCK,PD_CODE,OP_CODE) values ('화이트 | 주광색 (6000K)',100,18,39);
Insert into PRODUCT_OPTION (OPTION_NM,OPTION_STOCK,PD_CODE,OP_CODE) values ('화이트 | 전구색 (3000K)',100,19,40);
Insert into PRODUCT_OPTION (OPTION_NM,OPTION_STOCK,PD_CODE,OP_CODE) values ('화이트 | 주백색 (4000K)',100,19,41);
Insert into PRODUCT_OPTION (OPTION_NM,OPTION_STOCK,PD_CODE,OP_CODE) values ('화이트 | 주광색 (6000K)',100,19,42);
Insert into PRODUCT_OPTION (OPTION_NM,OPTION_STOCK,PD_CODE,OP_CODE) values ('블랙 | 전구색 (3000K)',100,19,43);
Insert into PRODUCT_OPTION (OPTION_NM,OPTION_STOCK,PD_CODE,OP_CODE) values ('블랙 | 주백색 (4000K)',100,19,44);
Insert into PRODUCT_OPTION (OPTION_NM,OPTION_STOCK,PD_CODE,OP_CODE) values ('블랙 | 주광색 (6000K)',100,19,45);
Insert into PRODUCT_OPTION (OPTION_NM,OPTION_STOCK,PD_CODE,OP_CODE) values ('크롬 | 전구색 (3000K)',100,19,46);
Insert into PRODUCT_OPTION (OPTION_NM,OPTION_STOCK,PD_CODE,OP_CODE) values ('크롬 | 주백색 (4000K)',100,19,47);
Insert into PRODUCT_OPTION (OPTION_NM,OPTION_STOCK,PD_CODE,OP_CODE) values ('크롬 | 주광색 (6000K)',100,19,48);
Insert into PRODUCT_OPTION (OPTION_NM,OPTION_STOCK,PD_CODE,OP_CODE) values ('화이트 | 전구색 (3000K)',100,20,49);
Insert into PRODUCT_OPTION (OPTION_NM,OPTION_STOCK,PD_CODE,OP_CODE) values ('화이트 | 주백색 (4000K)',100,20,50);
Insert into PRODUCT_OPTION (OPTION_NM,OPTION_STOCK,PD_CODE,OP_CODE) values ('화이트 | 주광색 (6000K)',100,20,51);
Insert into PRODUCT_OPTION (OPTION_NM,OPTION_STOCK,PD_CODE,OP_CODE) values ('화이트 | 전구색 (3000K)',100,21,52);
Insert into PRODUCT_OPTION (OPTION_NM,OPTION_STOCK,PD_CODE,OP_CODE) values ('화이트 | 주백색 (4000K)',100,21,53);
Insert into PRODUCT_OPTION (OPTION_NM,OPTION_STOCK,PD_CODE,OP_CODE) values ('화이트 | 주광색 (6000K)',100,21,54);
Insert into PRODUCT_OPTION (OPTION_NM,OPTION_STOCK,PD_CODE,OP_CODE) values ('화이트 | 전구색 (3000K)',100,22,55);
Insert into PRODUCT_OPTION (OPTION_NM,OPTION_STOCK,PD_CODE,OP_CODE) values ('화이트 | 주백색 (4000K)',100,22,56);
Insert into PRODUCT_OPTION (OPTION_NM,OPTION_STOCK,PD_CODE,OP_CODE) values ('화이트 | 주광색 (6000K)',100,22,57);
Insert into PRODUCT_OPTION (OPTION_NM,OPTION_STOCK,PD_CODE,OP_CODE) values ('화이트 | 전구색 (3000K)',100,23,58);
Insert into PRODUCT_OPTION (OPTION_NM,OPTION_STOCK,PD_CODE,OP_CODE) values ('화이트 | 주백색 (4000K)',100,23,59);
Insert into PRODUCT_OPTION (OPTION_NM,OPTION_STOCK,PD_CODE,OP_CODE) values ('화이트 | 주광색 (6000K)',100,23,60);
Insert into PRODUCT_OPTION (OPTION_NM,OPTION_STOCK,PD_CODE,OP_CODE) values ('화이트 | 전구색 (3000K)',100,24,61);
Insert into PRODUCT_OPTION (OPTION_NM,OPTION_STOCK,PD_CODE,OP_CODE) values ('화이트 | 주백색 (4000K)',100,24,62);
Insert into PRODUCT_OPTION (OPTION_NM,OPTION_STOCK,PD_CODE,OP_CODE) values ('화이트 | 주광색 (6000K)',100,24,63);
Insert into PRODUCT_OPTION (OPTION_NM,OPTION_STOCK,PD_CODE,OP_CODE) values ('화이트 | 전구색 (3000K)',100,25,64);
Insert into PRODUCT_OPTION (OPTION_NM,OPTION_STOCK,PD_CODE,OP_CODE) values ('화이트 | 주백색 (4000K)',100,25,65);
Insert into PRODUCT_OPTION (OPTION_NM,OPTION_STOCK,PD_CODE,OP_CODE) values ('화이트 | 주광색 (6000K)',100,25,66);
Insert into PRODUCT_OPTION (OPTION_NM,OPTION_STOCK,PD_CODE,OP_CODE) values ('블랙 | 전구색 (3000K)',100,25,67);
Insert into PRODUCT_OPTION (OPTION_NM,OPTION_STOCK,PD_CODE,OP_CODE) values ('블랙 | 주백색 (4000K)',100,25,68);
Insert into PRODUCT_OPTION (OPTION_NM,OPTION_STOCK,PD_CODE,OP_CODE) values ('블랙 | 주광색 (6000K)',100,25,69);
Insert into PRODUCT_OPTION (OPTION_NM,OPTION_STOCK,PD_CODE,OP_CODE) values ('화이트 | 전구색 (3000K)',100,26,70);
Insert into PRODUCT_OPTION (OPTION_NM,OPTION_STOCK,PD_CODE,OP_CODE) values ('화이트 | 주백색 (4000K)',100,26,71);
Insert into PRODUCT_OPTION (OPTION_NM,OPTION_STOCK,PD_CODE,OP_CODE) values ('화이트 | 주광색 (6000K)',100,26,72);
Insert into PRODUCT_OPTION (OPTION_NM,OPTION_STOCK,PD_CODE,OP_CODE) values ('화이트 | 전구색 (3000K)',100,27,73);
Insert into PRODUCT_OPTION (OPTION_NM,OPTION_STOCK,PD_CODE,OP_CODE) values ('화이트 | 주백색 (4000K)',100,27,74);
Insert into PRODUCT_OPTION (OPTION_NM,OPTION_STOCK,PD_CODE,OP_CODE) values ('화이트 | 주광색 (6000K)',100,27,75);
Insert into PRODUCT_OPTION (OPTION_NM,OPTION_STOCK,PD_CODE,OP_CODE) values ('실버 | 전구색 (3000K)',100,27,76);
Insert into PRODUCT_OPTION (OPTION_NM,OPTION_STOCK,PD_CODE,OP_CODE) values ('실버 | 주백색 (4000K)',100,27,77);
Insert into PRODUCT_OPTION (OPTION_NM,OPTION_STOCK,PD_CODE,OP_CODE) values ('실버 | 주광색 (6000K)',100,27,78);
Insert into PRODUCT_OPTION (OPTION_NM,OPTION_STOCK,PD_CODE,OP_CODE) values ('화이트 | 전구색 (3000K)',100,28,79);
Insert into PRODUCT_OPTION (OPTION_NM,OPTION_STOCK,PD_CODE,OP_CODE) values ('화이트 | 주백색 (4000K)',100,28,80);
Insert into PRODUCT_OPTION (OPTION_NM,OPTION_STOCK,PD_CODE,OP_CODE) values ('화이트 | 주광색 (6000K)',100,28,81);
Insert into PRODUCT_OPTION (OPTION_NM,OPTION_STOCK,PD_CODE,OP_CODE) values ('화이트 | 전구색 (3000K)',100,29,82);
Insert into PRODUCT_OPTION (OPTION_NM,OPTION_STOCK,PD_CODE,OP_CODE) values ('화이트 | 주백색 (4000K)',100,29,83);
Insert into PRODUCT_OPTION (OPTION_NM,OPTION_STOCK,PD_CODE,OP_CODE) values ('화이트 | 주광색 (6000K)',100,29,84);
Insert into PRODUCT_OPTION (OPTION_NM,OPTION_STOCK,PD_CODE,OP_CODE) values ('화이트 | 전구색 (3000K)',100,30,85);
Insert into PRODUCT_OPTION (OPTION_NM,OPTION_STOCK,PD_CODE,OP_CODE) values ('화이트 | 주백색 (4000K)',100,30,86);
Insert into PRODUCT_OPTION (OPTION_NM,OPTION_STOCK,PD_CODE,OP_CODE) values ('화이트 | 주광색 (6000K)',100,30,87);
Insert into PRODUCT_OPTION (OPTION_NM,OPTION_STOCK,PD_CODE,OP_CODE) values ('화이트 | 전구색 (3000K)',100,31,88);
Insert into PRODUCT_OPTION (OPTION_NM,OPTION_STOCK,PD_CODE,OP_CODE) values ('화이트 | 주백색 (4000K)',100,31,89);
Insert into PRODUCT_OPTION (OPTION_NM,OPTION_STOCK,PD_CODE,OP_CODE) values ('화이트 | 주광색 (6000K)',100,31,90);
Insert into PRODUCT_OPTION (OPTION_NM,OPTION_STOCK,PD_CODE,OP_CODE) values ('화이트 | 전구색 (3000K)',100,32,91);
Insert into PRODUCT_OPTION (OPTION_NM,OPTION_STOCK,PD_CODE,OP_CODE) values ('화이트 | 주백색 (4000K)',100,32,92);
Insert into PRODUCT_OPTION (OPTION_NM,OPTION_STOCK,PD_CODE,OP_CODE) values ('화이트 | 주광색 (6000K)',100,32,93);
Insert into PRODUCT_OPTION (OPTION_NM,OPTION_STOCK,PD_CODE,OP_CODE) values ('블랙 | 전구색 (3000K)',100,32,94);
Insert into PRODUCT_OPTION (OPTION_NM,OPTION_STOCK,PD_CODE,OP_CODE) values ('블랙 | 주백색 (4000K)',100,32,95);
Insert into PRODUCT_OPTION (OPTION_NM,OPTION_STOCK,PD_CODE,OP_CODE) values ('블랙 | 주광색 (6000K)',100,32,96);
Insert into PRODUCT_OPTION (OPTION_NM,OPTION_STOCK,PD_CODE,OP_CODE) values ('화이트 | 전구색 (3000K)',100,33,97);
Insert into PRODUCT_OPTION (OPTION_NM,OPTION_STOCK,PD_CODE,OP_CODE) values ('화이트 | 주백색 (4000K)',100,33,98);
Insert into PRODUCT_OPTION (OPTION_NM,OPTION_STOCK,PD_CODE,OP_CODE) values ('화이트 | 주광색 (6000K)',100,33,99);
Insert into PRODUCT_OPTION (OPTION_NM,OPTION_STOCK,PD_CODE,OP_CODE) values ('블랙 | 전구색 (3000K)',100,33,100);
Insert into PRODUCT_OPTION (OPTION_NM,OPTION_STOCK,PD_CODE,OP_CODE) values ('블랙 | 주백색 (4000K)',100,33,101);
Insert into PRODUCT_OPTION (OPTION_NM,OPTION_STOCK,PD_CODE,OP_CODE) values ('블랙 | 주광색 (6000K)',100,33,102);
Insert into PRODUCT_OPTION (OPTION_NM,OPTION_STOCK,PD_CODE,OP_CODE) values ('화이트 | 전구색 (3000K)',100,34,103);
Insert into PRODUCT_OPTION (OPTION_NM,OPTION_STOCK,PD_CODE,OP_CODE) values ('화이트 | 주백색 (4000K)',100,34,104);
Insert into PRODUCT_OPTION (OPTION_NM,OPTION_STOCK,PD_CODE,OP_CODE) values ('화이트 | 주광색 (6000K)',100,34,105);
Insert into PRODUCT_OPTION (OPTION_NM,OPTION_STOCK,PD_CODE,OP_CODE) values ('블랙 | 전구색 (3000K)',100,34,106);
Insert into PRODUCT_OPTION (OPTION_NM,OPTION_STOCK,PD_CODE,OP_CODE) values ('블랙 | 주백색 (4000K)',100,34,107);
Insert into PRODUCT_OPTION (OPTION_NM,OPTION_STOCK,PD_CODE,OP_CODE) values ('블랙 | 주광색 (6000K)',100,34,108);
Insert into PRODUCT_OPTION (OPTION_NM,OPTION_STOCK,PD_CODE,OP_CODE) values ('실버 | 전구색 (3000K)',100,34,109);
Insert into PRODUCT_OPTION (OPTION_NM,OPTION_STOCK,PD_CODE,OP_CODE) values ('실버 | 주백색 (4000K)',100,34,110);
Insert into PRODUCT_OPTION (OPTION_NM,OPTION_STOCK,PD_CODE,OP_CODE) values ('실버 | 주광색 (6000K)',100,34,111);
Insert into PRODUCT_OPTION (OPTION_NM,OPTION_STOCK,PD_CODE,OP_CODE) values ('화이트 | 전구색 (3000K)',100,35,112);
Insert into PRODUCT_OPTION (OPTION_NM,OPTION_STOCK,PD_CODE,OP_CODE) values ('화이트 | 주백색 (4000K)',100,35,113);
Insert into PRODUCT_OPTION (OPTION_NM,OPTION_STOCK,PD_CODE,OP_CODE) values ('화이트 | 주광색 (6000K)',100,35,114);
Insert into PRODUCT_OPTION (OPTION_NM,OPTION_STOCK,PD_CODE,OP_CODE) values ('화이트 | 전구색 (3000K)',100,36,115);
Insert into PRODUCT_OPTION (OPTION_NM,OPTION_STOCK,PD_CODE,OP_CODE) values ('화이트 | 주백색 (4000K)',100,36,116);
Insert into PRODUCT_OPTION (OPTION_NM,OPTION_STOCK,PD_CODE,OP_CODE) values ('화이트 | 주광색 (6000K)',100,36,117);
Insert into PRODUCT_OPTION (OPTION_NM,OPTION_STOCK,PD_CODE,OP_CODE) values ('화이트 | 전구색 (3000K)',100,37,118);
Insert into PRODUCT_OPTION (OPTION_NM,OPTION_STOCK,PD_CODE,OP_CODE) values ('화이트 | 주백색 (4000K)',100,37,119);
Insert into PRODUCT_OPTION (OPTION_NM,OPTION_STOCK,PD_CODE,OP_CODE) values ('화이트 | 주광색 (6000K)',100,37,120);
Insert into PRODUCT_OPTION (OPTION_NM,OPTION_STOCK,PD_CODE,OP_CODE) values ('화이트 | 전구색 (3000K)',100,38,121);
Insert into PRODUCT_OPTION (OPTION_NM,OPTION_STOCK,PD_CODE,OP_CODE) values ('화이트 | 주백색 (4000K)',100,38,122);
Insert into PRODUCT_OPTION (OPTION_NM,OPTION_STOCK,PD_CODE,OP_CODE) values ('화이트 | 주광색 (6000K)',100,38,123);
Insert into PRODUCT_OPTION (OPTION_NM,OPTION_STOCK,PD_CODE,OP_CODE) values ('화이트 | 전구색 (3000K)',100,39,124);
Insert into PRODUCT_OPTION (OPTION_NM,OPTION_STOCK,PD_CODE,OP_CODE) values ('화이트 | 주백색 (4000K)',100,39,125);
Insert into PRODUCT_OPTION (OPTION_NM,OPTION_STOCK,PD_CODE,OP_CODE) values ('화이트 | 주광색 (6000K)',100,39,126);
Insert into PRODUCT_OPTION (OPTION_NM,OPTION_STOCK,PD_CODE,OP_CODE) values ('화이트 | 전구색 (3000K)',100,40,127);
Insert into PRODUCT_OPTION (OPTION_NM,OPTION_STOCK,PD_CODE,OP_CODE) values ('화이트 | 주백색 (4000K)',100,40,128);
Insert into PRODUCT_OPTION (OPTION_NM,OPTION_STOCK,PD_CODE,OP_CODE) values ('화이트 | 주광색 (6000K)',100,40,129);
Insert into PRODUCT_OPTION (OPTION_NM,OPTION_STOCK,PD_CODE,OP_CODE) values ('화이트 | 전구색 (3000K)',100,41,130);
Insert into PRODUCT_OPTION (OPTION_NM,OPTION_STOCK,PD_CODE,OP_CODE) values ('화이트 | 주백색 (4000K)',100,41,131);
Insert into PRODUCT_OPTION (OPTION_NM,OPTION_STOCK,PD_CODE,OP_CODE) values ('화이트 | 주광색 (6000K)',100,41,132);
Insert into PRODUCT_OPTION (OPTION_NM,OPTION_STOCK,PD_CODE,OP_CODE) values ('화이트 | 전구색 (3000K)',100,42,133);
Insert into PRODUCT_OPTION (OPTION_NM,OPTION_STOCK,PD_CODE,OP_CODE) values ('화이트 | 주백색 (4000K)',100,42,134);
Insert into PRODUCT_OPTION (OPTION_NM,OPTION_STOCK,PD_CODE,OP_CODE) values ('화이트 | 주광색 (6000K)',100,42,135);
Insert into PRODUCT_OPTION (OPTION_NM,OPTION_STOCK,PD_CODE,OP_CODE) values ('화이트 | 전구색 (3000K)',100,43,136);
Insert into PRODUCT_OPTION (OPTION_NM,OPTION_STOCK,PD_CODE,OP_CODE) values ('화이트 | 주백색 (4000K)',100,43,137);
Insert into PRODUCT_OPTION (OPTION_NM,OPTION_STOCK,PD_CODE,OP_CODE) values ('화이트 | 주광색 (6000K)',100,43,138);
Insert into PRODUCT_OPTION (OPTION_NM,OPTION_STOCK,PD_CODE,OP_CODE) values ('화이트 | 전구색 (3000K)',100,44,139);
Insert into PRODUCT_OPTION (OPTION_NM,OPTION_STOCK,PD_CODE,OP_CODE) values ('화이트 | 주백색 (4000K)',100,44,140);
Insert into PRODUCT_OPTION (OPTION_NM,OPTION_STOCK,PD_CODE,OP_CODE) values ('화이트 | 주광색 (6000K)',100,44,141);
Insert into PRODUCT_OPTION (OPTION_NM,OPTION_STOCK,PD_CODE,OP_CODE) values ('화이트 | 전구색 (3000K)',100,45,142);
Insert into PRODUCT_OPTION (OPTION_NM,OPTION_STOCK,PD_CODE,OP_CODE) values ('화이트 | 주백색 (4000K)',100,45,143);
Insert into PRODUCT_OPTION (OPTION_NM,OPTION_STOCK,PD_CODE,OP_CODE) values ('화이트 | 주광색 (6000K)',100,45,144);
Insert into PRODUCT_OPTION (OPTION_NM,OPTION_STOCK,PD_CODE,OP_CODE) values ('화이트 | 전구색 (3000K)',100,46,145);
Insert into PRODUCT_OPTION (OPTION_NM,OPTION_STOCK,PD_CODE,OP_CODE) values ('화이트 | 주백색 (4000K)',100,46,146);
Insert into PRODUCT_OPTION (OPTION_NM,OPTION_STOCK,PD_CODE,OP_CODE) values ('화이트 | 주광색 (6000K)',100,46,147);
Insert into PRODUCT_OPTION (OPTION_NM,OPTION_STOCK,PD_CODE,OP_CODE) values ('화이트 | 전구색 (3000K)',100,47,148);
Insert into PRODUCT_OPTION (OPTION_NM,OPTION_STOCK,PD_CODE,OP_CODE) values ('화이트 | 주백색 (4000K)',100,47,149);
Insert into PRODUCT_OPTION (OPTION_NM,OPTION_STOCK,PD_CODE,OP_CODE) values ('화이트 | 주광색 (6000K)',100,47,150);
Insert into PRODUCT_OPTION (OPTION_NM,OPTION_STOCK,PD_CODE,OP_CODE) values ('화이트 | 전구색 (3000K)',100,48,151);
Insert into PRODUCT_OPTION (OPTION_NM,OPTION_STOCK,PD_CODE,OP_CODE) values ('화이트 | 주백색 (4000K)',100,48,152);
Insert into PRODUCT_OPTION (OPTION_NM,OPTION_STOCK,PD_CODE,OP_CODE) values ('화이트 | 주광색 (6000K)',100,48,153);
Insert into PRODUCT_OPTION (OPTION_NM,OPTION_STOCK,PD_CODE,OP_CODE) values ('화이트 | 전구색 (3000K)',100,49,154);
Insert into PRODUCT_OPTION (OPTION_NM,OPTION_STOCK,PD_CODE,OP_CODE) values ('화이트 | 주백색 (4000K)',100,49,155);
Insert into PRODUCT_OPTION (OPTION_NM,OPTION_STOCK,PD_CODE,OP_CODE) values ('화이트 | 주광색 (6000K)',100,49,156);
Insert into PRODUCT_OPTION (OPTION_NM,OPTION_STOCK,PD_CODE,OP_CODE) values ('화이트 | 전구색 (3000K)',100,50,157);
Insert into PRODUCT_OPTION (OPTION_NM,OPTION_STOCK,PD_CODE,OP_CODE) values ('화이트 | 주백색 (4000K)',100,50,158);
Insert into PRODUCT_OPTION (OPTION_NM,OPTION_STOCK,PD_CODE,OP_CODE) values ('화이트 | 주광색 (6000K)',100,50,159);
Insert into PRODUCT_OPTION (OPTION_NM,OPTION_STOCK,PD_CODE,OP_CODE) values ('화이트 | 전구색 (3000K)',100,51,160);
Insert into PRODUCT_OPTION (OPTION_NM,OPTION_STOCK,PD_CODE,OP_CODE) values ('화이트 | 주백색 (4000K)',100,51,161);
Insert into PRODUCT_OPTION (OPTION_NM,OPTION_STOCK,PD_CODE,OP_CODE) values ('화이트 | 주광색 (6000K)',100,51,162);
Insert into PRODUCT_OPTION (OPTION_NM,OPTION_STOCK,PD_CODE,OP_CODE) values ('화이트 | 전구색 (3000K)',100,52,163);
Insert into PRODUCT_OPTION (OPTION_NM,OPTION_STOCK,PD_CODE,OP_CODE) values ('화이트 | 주백색 (4000K)',100,52,164);
Insert into PRODUCT_OPTION (OPTION_NM,OPTION_STOCK,PD_CODE,OP_CODE) values ('화이트 | 주광색 (6000K)',100,52,165);
Insert into PRODUCT_OPTION (OPTION_NM,OPTION_STOCK,PD_CODE,OP_CODE) values ('화이트 | 전구색 (3000K)',100,53,166);
Insert into PRODUCT_OPTION (OPTION_NM,OPTION_STOCK,PD_CODE,OP_CODE) values ('화이트 | 주백색 (4000K)',100,53,167);
Insert into PRODUCT_OPTION (OPTION_NM,OPTION_STOCK,PD_CODE,OP_CODE) values ('화이트 | 주광색 (6000K)',100,53,168);
Insert into PRODUCT_OPTION (OPTION_NM,OPTION_STOCK,PD_CODE,OP_CODE) values ('화이트 | 전구색 (3000K)',100,54,169);
Insert into PRODUCT_OPTION (OPTION_NM,OPTION_STOCK,PD_CODE,OP_CODE) values ('화이트 | 주백색 (4000K)',100,54,170);
Insert into PRODUCT_OPTION (OPTION_NM,OPTION_STOCK,PD_CODE,OP_CODE) values ('화이트 | 주광색 (6000K)',100,54,171);
Insert into PRODUCT_OPTION (OPTION_NM,OPTION_STOCK,PD_CODE,OP_CODE) values ('화이트 | 전구색 (3000K)',100,55,172);
Insert into PRODUCT_OPTION (OPTION_NM,OPTION_STOCK,PD_CODE,OP_CODE) values ('화이트 | 주백색 (4000K)',100,55,173);
Insert into PRODUCT_OPTION (OPTION_NM,OPTION_STOCK,PD_CODE,OP_CODE) values ('화이트 | 주광색 (6000K)',100,55,174);
Insert into PRODUCT_OPTION (OPTION_NM,OPTION_STOCK,PD_CODE,OP_CODE) values ('화이트 | 전구색 (3000K)',100,56,175);
Insert into PRODUCT_OPTION (OPTION_NM,OPTION_STOCK,PD_CODE,OP_CODE) values ('화이트 | 주백색 (4000K)',100,56,176);
Insert into PRODUCT_OPTION (OPTION_NM,OPTION_STOCK,PD_CODE,OP_CODE) values ('화이트 | 주광색 (6000K)',100,56,177);
Insert into PRODUCT_OPTION (OPTION_NM,OPTION_STOCK,PD_CODE,OP_CODE) values ('블랙 | 전구색 (3000K)',100,56,178);
Insert into PRODUCT_OPTION (OPTION_NM,OPTION_STOCK,PD_CODE,OP_CODE) values ('블랙 | 주백색 (4000K)',100,56,179);
Insert into PRODUCT_OPTION (OPTION_NM,OPTION_STOCK,PD_CODE,OP_CODE) values ('블랙 | 주광색 (6000K)',100,56,180);
Insert into PRODUCT_OPTION (OPTION_NM,OPTION_STOCK,PD_CODE,OP_CODE) values ('크롬 | 전구색 (3000K)',100,56,181);
Insert into PRODUCT_OPTION (OPTION_NM,OPTION_STOCK,PD_CODE,OP_CODE) values ('크롬 | 주백색 (4000K)',100,56,182);
Insert into PRODUCT_OPTION (OPTION_NM,OPTION_STOCK,PD_CODE,OP_CODE) values ('크롬 | 주광색 (6000K)',100,56,183);
Insert into PRODUCT_OPTION (OPTION_NM,OPTION_STOCK,PD_CODE,OP_CODE) values ('골드 | 전구색 (3000K)',100,56,184);
Insert into PRODUCT_OPTION (OPTION_NM,OPTION_STOCK,PD_CODE,OP_CODE) values ('골드 | 주백색 (4000K)',100,56,185);
Insert into PRODUCT_OPTION (OPTION_NM,OPTION_STOCK,PD_CODE,OP_CODE) values ('골드 | 주광색 (6000K)',100,56,186);
Insert into PRODUCT_OPTION (OPTION_NM,OPTION_STOCK,PD_CODE,OP_CODE) values ('전구색 (3000K)',100,57,187);
Insert into PRODUCT_OPTION (OPTION_NM,OPTION_STOCK,PD_CODE,OP_CODE) values ('주광색 (6500K)',100,57,188);
Insert into PRODUCT_OPTION (OPTION_NM,OPTION_STOCK,PD_CODE,OP_CODE) values ('전구색 (3000K)',100,58,189);
Insert into PRODUCT_OPTION (OPTION_NM,OPTION_STOCK,PD_CODE,OP_CODE) values ('주광색 (6500K)',100,58,190);
Insert into PRODUCT_OPTION (OPTION_NM,OPTION_STOCK,PD_CODE,OP_CODE) values ('전구색 (3000K)',100,59,191);
Insert into PRODUCT_OPTION (OPTION_NM,OPTION_STOCK,PD_CODE,OP_CODE) values ('주백색 (4000K)',100,59,192);
Insert into PRODUCT_OPTION (OPTION_NM,OPTION_STOCK,PD_CODE,OP_CODE) values ('주광색 (6500K)',100,59,193);
Insert into PRODUCT_OPTION (OPTION_NM,OPTION_STOCK,PD_CODE,OP_CODE) values ('전구색 (3000K)',100,60,194);
Insert into PRODUCT_OPTION (OPTION_NM,OPTION_STOCK,PD_CODE,OP_CODE) values ('주광색 (6500K)',100,60,195);
Insert into PRODUCT_OPTION (OPTION_NM,OPTION_STOCK,PD_CODE,OP_CODE) values ('전구색 (3000K)',100,61,196);
Insert into PRODUCT_OPTION (OPTION_NM,OPTION_STOCK,PD_CODE,OP_CODE) values ('주광색 (6500K)',100,61,197);
Insert into PRODUCT_OPTION (OPTION_NM,OPTION_STOCK,PD_CODE,OP_CODE) values ('전구색 (3000K)',100,62,198);
Insert into PRODUCT_OPTION (OPTION_NM,OPTION_STOCK,PD_CODE,OP_CODE) values ('주광색 (6500K)',100,62,199);
Insert into PRODUCT_OPTION (OPTION_NM,OPTION_STOCK,PD_CODE,OP_CODE) values ('전구색 (3000K)',100,63,200);
Insert into PRODUCT_OPTION (OPTION_NM,OPTION_STOCK,PD_CODE,OP_CODE) values ('주광색 (6500K)',100,63,201);
Insert into PRODUCT_OPTION (OPTION_NM,OPTION_STOCK,PD_CODE,OP_CODE) values ('전구색 (3000K)',100,64,202);
Insert into PRODUCT_OPTION (OPTION_NM,OPTION_STOCK,PD_CODE,OP_CODE) values ('주광색 (6500K)',100,64,203);
Insert into PRODUCT_OPTION (OPTION_NM,OPTION_STOCK,PD_CODE,OP_CODE) values ('전구색 (3000K)',100,65,204);
Insert into PRODUCT_OPTION (OPTION_NM,OPTION_STOCK,PD_CODE,OP_CODE) values ('주광색 (6500K)',100,65,205);
Insert into PRODUCT_OPTION (OPTION_NM,OPTION_STOCK,PD_CODE,OP_CODE) values ('전구색 (2200K)',100,66,206);
Insert into PRODUCT_OPTION (OPTION_NM,OPTION_STOCK,PD_CODE,OP_CODE) values ('전구색 (2200K)',100,67,207);
Insert into PRODUCT_OPTION (OPTION_NM,OPTION_STOCK,PD_CODE,OP_CODE) values ('전구색 (2200K)',100,68,208);
Insert into PRODUCT_OPTION (OPTION_NM,OPTION_STOCK,PD_CODE,OP_CODE) values ('전구색 (2200K)',100,69,209);
Insert into PRODUCT_OPTION (OPTION_NM,OPTION_STOCK,PD_CODE,OP_CODE) values ('전구색 (2200K)',100,70,210);
Insert into PRODUCT_OPTION (OPTION_NM,OPTION_STOCK,PD_CODE,OP_CODE) values ('전구색 (2200K)',100,71,211);
Insert into PRODUCT_OPTION (OPTION_NM,OPTION_STOCK,PD_CODE,OP_CODE) values ('전구색 (2200K)',100,72,212);
Insert into PRODUCT_OPTION (OPTION_NM,OPTION_STOCK,PD_CODE,OP_CODE) values ('화이트',100,73,213);
Insert into PRODUCT_OPTION (OPTION_NM,OPTION_STOCK,PD_CODE,OP_CODE) values ('블랙',100,73,214);
Insert into PRODUCT_OPTION (OPTION_NM,OPTION_STOCK,PD_CODE,OP_CODE) values ('베이지',100,73,215);
Insert into PRODUCT_OPTION (OPTION_NM,OPTION_STOCK,PD_CODE,OP_CODE) values ('알루미늄',100,73,216);
Insert into PRODUCT_OPTION (OPTION_NM,OPTION_STOCK,PD_CODE,OP_CODE) values ('화이트',100,74,217);
Insert into PRODUCT_OPTION (OPTION_NM,OPTION_STOCK,PD_CODE,OP_CODE) values ('블랙',100,74,218);
Insert into PRODUCT_OPTION (OPTION_NM,OPTION_STOCK,PD_CODE,OP_CODE) values ('베이지',100,74,219);
Insert into PRODUCT_OPTION (OPTION_NM,OPTION_STOCK,PD_CODE,OP_CODE) values ('알루미늄',100,74,220);
Insert into PRODUCT_OPTION (OPTION_NM,OPTION_STOCK,PD_CODE,OP_CODE) values ('화이트',100,75,221);
Insert into PRODUCT_OPTION (OPTION_NM,OPTION_STOCK,PD_CODE,OP_CODE) values ('블랙',100,75,222);
Insert into PRODUCT_OPTION (OPTION_NM,OPTION_STOCK,PD_CODE,OP_CODE) values ('베이지',100,75,223);
Insert into PRODUCT_OPTION (OPTION_NM,OPTION_STOCK,PD_CODE,OP_CODE) values ('알루미늄',100,75,224);
Insert into PRODUCT_OPTION (OPTION_NM,OPTION_STOCK,PD_CODE,OP_CODE) values ('화이트',100,76,225);
Insert into PRODUCT_OPTION (OPTION_NM,OPTION_STOCK,PD_CODE,OP_CODE) values ('화이트',100,77,226);
Insert into PRODUCT_OPTION (OPTION_NM,OPTION_STOCK,PD_CODE,OP_CODE) values ('화이트',100,78,227);
Insert into PRODUCT_OPTION (OPTION_NM,OPTION_STOCK,PD_CODE,OP_CODE) values ('화이트',100,79,228);
Insert into PRODUCT_OPTION (OPTION_NM,OPTION_STOCK,PD_CODE,OP_CODE) values ('화이트',100,80,229);
Insert into PRODUCT_OPTION (OPTION_NM,OPTION_STOCK,PD_CODE,OP_CODE) values ('화이트',100,81,230);
Insert into PRODUCT_OPTION (OPTION_NM,OPTION_STOCK,PD_CODE,OP_CODE) values ('화이트',100,82,231);
Insert into PRODUCT_OPTION (OPTION_NM,OPTION_STOCK,PD_CODE,OP_CODE) values ('화이트',100,83,232);
Insert into PRODUCT_OPTION (OPTION_NM,OPTION_STOCK,PD_CODE,OP_CODE) values ('화이트',100,84,233);
Insert into PRODUCT_OPTION (OPTION_NM,OPTION_STOCK,PD_CODE,OP_CODE) values ('화이트',100,85,234);
Insert into PRODUCT_OPTION (OPTION_NM,OPTION_STOCK,PD_CODE,OP_CODE) values ('화이트',100,86,235);
Insert into PRODUCT_OPTION (OPTION_NM,OPTION_STOCK,PD_CODE,OP_CODE) values ('펄알루',100,76,236);
Insert into PRODUCT_OPTION (OPTION_NM,OPTION_STOCK,PD_CODE,OP_CODE) values ('펄알루',100,77,237);
Insert into PRODUCT_OPTION (OPTION_NM,OPTION_STOCK,PD_CODE,OP_CODE) values ('펄알루',100,78,238);
Insert into PRODUCT_OPTION (OPTION_NM,OPTION_STOCK,PD_CODE,OP_CODE) values ('펄알루',100,79,239);
Insert into PRODUCT_OPTION (OPTION_NM,OPTION_STOCK,PD_CODE,OP_CODE) values ('펄알루',100,80,240);
Insert into PRODUCT_OPTION (OPTION_NM,OPTION_STOCK,PD_CODE,OP_CODE) values ('펄알루',100,81,241);
Insert into PRODUCT_OPTION (OPTION_NM,OPTION_STOCK,PD_CODE,OP_CODE) values ('펄알루',100,82,242);
Insert into PRODUCT_OPTION (OPTION_NM,OPTION_STOCK,PD_CODE,OP_CODE) values ('펄알루',100,83,243);
Insert into PRODUCT_OPTION (OPTION_NM,OPTION_STOCK,PD_CODE,OP_CODE) values ('펄알루',100,84,244);
Insert into PRODUCT_OPTION (OPTION_NM,OPTION_STOCK,PD_CODE,OP_CODE) values ('펄알루',100,85,245);
Insert into PRODUCT_OPTION (OPTION_NM,OPTION_STOCK,PD_CODE,OP_CODE) values ('펄알루',100,86,246);
Insert into PRODUCT_OPTION (OPTION_NM,OPTION_STOCK,PD_CODE,OP_CODE) values ('그라파이트',100,76,247);
Insert into PRODUCT_OPTION (OPTION_NM,OPTION_STOCK,PD_CODE,OP_CODE) values ('그라파이트',100,77,248);
Insert into PRODUCT_OPTION (OPTION_NM,OPTION_STOCK,PD_CODE,OP_CODE) values ('그라파이트',100,78,249);
Insert into PRODUCT_OPTION (OPTION_NM,OPTION_STOCK,PD_CODE,OP_CODE) values ('그라파이트',100,79,250);
Insert into PRODUCT_OPTION (OPTION_NM,OPTION_STOCK,PD_CODE,OP_CODE) values ('그라파이트',100,80,251);
Insert into PRODUCT_OPTION (OPTION_NM,OPTION_STOCK,PD_CODE,OP_CODE) values ('그라파이트',100,81,252);
Insert into PRODUCT_OPTION (OPTION_NM,OPTION_STOCK,PD_CODE,OP_CODE) values ('그라파이트',100,82,253);
Insert into PRODUCT_OPTION (OPTION_NM,OPTION_STOCK,PD_CODE,OP_CODE) values ('그라파이트',100,83,254);
Insert into PRODUCT_OPTION (OPTION_NM,OPTION_STOCK,PD_CODE,OP_CODE) values ('그라파이트',100,84,255);
Insert into PRODUCT_OPTION (OPTION_NM,OPTION_STOCK,PD_CODE,OP_CODE) values ('그라파이트',100,85,256);
Insert into PRODUCT_OPTION (OPTION_NM,OPTION_STOCK,PD_CODE,OP_CODE) values ('그라파이트',100,86,257);
Insert into PRODUCT_OPTION (OPTION_NM,OPTION_STOCK,PD_CODE,OP_CODE) values ('화이트',100,87,258);
Insert into PRODUCT_OPTION (OPTION_NM,OPTION_STOCK,PD_CODE,OP_CODE) values ('화이트',100,88,259);
Insert into PRODUCT_OPTION (OPTION_NM,OPTION_STOCK,PD_CODE,OP_CODE) values ('화이트',100,89,260);
Insert into PRODUCT_OPTION (OPTION_NM,OPTION_STOCK,PD_CODE,OP_CODE) values ('화이트',100,90,261);
Insert into PRODUCT_OPTION (OPTION_NM,OPTION_STOCK,PD_CODE,OP_CODE) values ('화이트',100,91,262);
Insert into PRODUCT_OPTION (OPTION_NM,OPTION_STOCK,PD_CODE,OP_CODE) values ('화이트',100,92,263);
Insert into PRODUCT_OPTION (OPTION_NM,OPTION_STOCK,PD_CODE,OP_CODE) values ('화이트',100,93,264);
Insert into PRODUCT_OPTION (OPTION_NM,OPTION_STOCK,PD_CODE,OP_CODE) values ('화이트',100,94,265);
Insert into PRODUCT_OPTION (OPTION_NM,OPTION_STOCK,PD_CODE,OP_CODE) values ('화이트',100,95,266);
Insert into PRODUCT_OPTION (OPTION_NM,OPTION_STOCK,PD_CODE,OP_CODE) values ('펄알루',100,87,267);
Insert into PRODUCT_OPTION (OPTION_NM,OPTION_STOCK,PD_CODE,OP_CODE) values ('펄알루',100,88,268);
Insert into PRODUCT_OPTION (OPTION_NM,OPTION_STOCK,PD_CODE,OP_CODE) values ('펄알루',100,89,269);
Insert into PRODUCT_OPTION (OPTION_NM,OPTION_STOCK,PD_CODE,OP_CODE) values ('펄알루',100,90,270);
Insert into PRODUCT_OPTION (OPTION_NM,OPTION_STOCK,PD_CODE,OP_CODE) values ('펄알루',100,91,271);
Insert into PRODUCT_OPTION (OPTION_NM,OPTION_STOCK,PD_CODE,OP_CODE) values ('펄알루',100,92,272);
Insert into PRODUCT_OPTION (OPTION_NM,OPTION_STOCK,PD_CODE,OP_CODE) values ('펄알루',100,93,273);
Insert into PRODUCT_OPTION (OPTION_NM,OPTION_STOCK,PD_CODE,OP_CODE) values ('펄알루',100,94,274);
Insert into PRODUCT_OPTION (OPTION_NM,OPTION_STOCK,PD_CODE,OP_CODE) values ('펄알루',100,95,275);
Insert into PRODUCT_OPTION (OPTION_NM,OPTION_STOCK,PD_CODE,OP_CODE) values ('그라파이트',100,87,276);
Insert into PRODUCT_OPTION (OPTION_NM,OPTION_STOCK,PD_CODE,OP_CODE) values ('그라파이트',100,88,277);
Insert into PRODUCT_OPTION (OPTION_NM,OPTION_STOCK,PD_CODE,OP_CODE) values ('그라파이트',100,89,278);
Insert into PRODUCT_OPTION (OPTION_NM,OPTION_STOCK,PD_CODE,OP_CODE) values ('그라파이트',100,90,279);
Insert into PRODUCT_OPTION (OPTION_NM,OPTION_STOCK,PD_CODE,OP_CODE) values ('그라파이트',100,91,280);
Insert into PRODUCT_OPTION (OPTION_NM,OPTION_STOCK,PD_CODE,OP_CODE) values ('그라파이트',100,92,281);
Insert into PRODUCT_OPTION (OPTION_NM,OPTION_STOCK,PD_CODE,OP_CODE) values ('그라파이트',100,93,282);
Insert into PRODUCT_OPTION (OPTION_NM,OPTION_STOCK,PD_CODE,OP_CODE) values ('그라파이트',100,94,283);
Insert into PRODUCT_OPTION (OPTION_NM,OPTION_STOCK,PD_CODE,OP_CODE) values ('그라파이트',100,95,284);
Insert into PRODUCT_OPTION (OPTION_NM,OPTION_STOCK,PD_CODE,OP_CODE) values ('화이트',100,96,285);
Insert into PRODUCT_OPTION (OPTION_NM,OPTION_STOCK,PD_CODE,OP_CODE) values ('화이트',100,97,286);
Insert into PRODUCT_OPTION (OPTION_NM,OPTION_STOCK,PD_CODE,OP_CODE) values ('화이트',100,98,287);
Insert into PRODUCT_OPTION (OPTION_NM,OPTION_STOCK,PD_CODE,OP_CODE) values ('펄알루',100,96,288);
Insert into PRODUCT_OPTION (OPTION_NM,OPTION_STOCK,PD_CODE,OP_CODE) values ('펄알루',100,97,289);
Insert into PRODUCT_OPTION (OPTION_NM,OPTION_STOCK,PD_CODE,OP_CODE) values ('펄알루',100,98,290);
Insert into PRODUCT_OPTION (OPTION_NM,OPTION_STOCK,PD_CODE,OP_CODE) values ('그라파이트',100,96,291);
Insert into PRODUCT_OPTION (OPTION_NM,OPTION_STOCK,PD_CODE,OP_CODE) values ('그라파이트',100,97,292);
Insert into PRODUCT_OPTION (OPTION_NM,OPTION_STOCK,PD_CODE,OP_CODE) values ('그라파이트',100,98,293);
Insert into PRODUCT_OPTION (OPTION_NM,OPTION_STOCK,PD_CODE,OP_CODE) values ('주문 제작 상품 (반품 불가)',100,99,294);
Insert into PRODUCT_OPTION (OPTION_NM,OPTION_STOCK,PD_CODE,OP_CODE) values ('주문 제작 상품 (반품 불가)',100,100,295);
Insert into PRODUCT_OPTION (OPTION_NM,OPTION_STOCK,PD_CODE,OP_CODE) values ('투명',100,101,296);
Insert into PRODUCT_OPTION (OPTION_NM,OPTION_STOCK,PD_CODE,OP_CODE) values ('스모그',100,101,297);
Insert into PRODUCT_OPTION (OPTION_NM,OPTION_STOCK,PD_CODE,OP_CODE) values ('마린블루',100,101,298);
Insert into PRODUCT_OPTION (OPTION_NM,OPTION_STOCK,PD_CODE,OP_CODE) values ('바이올렛',100,101,299);
Insert into PRODUCT_OPTION (OPTION_NM,OPTION_STOCK,PD_CODE,OP_CODE) values ('투명',100,102,300);
Insert into PRODUCT_OPTION (OPTION_NM,OPTION_STOCK,PD_CODE,OP_CODE) values ('스모그',100,102,301);
Insert into PRODUCT_OPTION (OPTION_NM,OPTION_STOCK,PD_CODE,OP_CODE) values ('마린블루',100,102,302);
Insert into PRODUCT_OPTION (OPTION_NM,OPTION_STOCK,PD_CODE,OP_CODE) values ('바이올렛',100,102,303);
Insert into PRODUCT_OPTION (OPTION_NM,OPTION_STOCK,PD_CODE,OP_CODE) values ('투명',100,103,304);
Insert into PRODUCT_OPTION (OPTION_NM,OPTION_STOCK,PD_CODE,OP_CODE) values ('스모그',100,103,305);
Insert into PRODUCT_OPTION (OPTION_NM,OPTION_STOCK,PD_CODE,OP_CODE) values ('마린블루',100,103,306);
Insert into PRODUCT_OPTION (OPTION_NM,OPTION_STOCK,PD_CODE,OP_CODE) values ('블랙',100,104,307);
Insert into PRODUCT_OPTION (OPTION_NM,OPTION_STOCK,PD_CODE,OP_CODE) values ('은펄',100,104,308);
Insert into PRODUCT_OPTION (OPTION_NM,OPTION_STOCK,PD_CODE,OP_CODE) values ('신주브론즈',100,104,309);
Insert into PRODUCT_OPTION (OPTION_NM,OPTION_STOCK,PD_CODE,OP_CODE) values ('동브론즈',100,104,310);
Insert into PRODUCT_OPTION (OPTION_NM,OPTION_STOCK,PD_CODE,OP_CODE) values ('철부식',100,104,311);
Insert into PRODUCT_OPTION (OPTION_NM,OPTION_STOCK,PD_CODE,OP_CODE) values ('청부식',100,104,312);
Insert into PRODUCT_OPTION (OPTION_NM,OPTION_STOCK,PD_CODE,OP_CODE) values ('신주브론즈',100,105,313);
Insert into PRODUCT_OPTION (OPTION_NM,OPTION_STOCK,PD_CODE,OP_CODE) values ('동브론즈',100,105,314);
Insert into PRODUCT_OPTION (OPTION_NM,OPTION_STOCK,PD_CODE,OP_CODE) values ('흑니켈',100,105,315);
Insert into PRODUCT_OPTION (OPTION_NM,OPTION_STOCK,PD_CODE,OP_CODE) values ('철부식',100,105,316);
Insert into PRODUCT_OPTION (OPTION_NM,OPTION_STOCK,PD_CODE,OP_CODE) values ('청부식',100,105,317);
Insert into PRODUCT_OPTION (OPTION_NM,OPTION_STOCK,PD_CODE,OP_CODE) values ('신주브론즈',100,106,318);
Insert into PRODUCT_OPTION (OPTION_NM,OPTION_STOCK,PD_CODE,OP_CODE) values ('동브론즈',100,106,319);
Insert into PRODUCT_OPTION (OPTION_NM,OPTION_STOCK,PD_CODE,OP_CODE) values ('흑니켈',100,106,320);
Insert into PRODUCT_OPTION (OPTION_NM,OPTION_STOCK,PD_CODE,OP_CODE) values ('철부식',100,106,321);
Insert into PRODUCT_OPTION (OPTION_NM,OPTION_STOCK,PD_CODE,OP_CODE) values ('청부식',100,106,322);
Insert into PRODUCT_OPTION (OPTION_NM,OPTION_STOCK,PD_CODE,OP_CODE) values ('신주브론즈',100,107,323);
Insert into PRODUCT_OPTION (OPTION_NM,OPTION_STOCK,PD_CODE,OP_CODE) values ('동브론즈',100,107,324);
Insert into PRODUCT_OPTION (OPTION_NM,OPTION_STOCK,PD_CODE,OP_CODE) values ('흑니켈',100,107,325);
Insert into PRODUCT_OPTION (OPTION_NM,OPTION_STOCK,PD_CODE,OP_CODE) values ('철부식',100,107,326);
Insert into PRODUCT_OPTION (OPTION_NM,OPTION_STOCK,PD_CODE,OP_CODE) values ('청부식',100,107,327);
Insert into PRODUCT_OPTION (OPTION_NM,OPTION_STOCK,PD_CODE,OP_CODE) values ('신주골드 | Ø150',100,108,328);
Insert into PRODUCT_OPTION (OPTION_NM,OPTION_STOCK,PD_CODE,OP_CODE) values ('골드브러시 | Ø100',100,109,329);
Insert into PRODUCT_OPTION (OPTION_NM,OPTION_STOCK,PD_CODE,OP_CODE) values ('골드브러시 | Ø150',100,109,330);
Insert into PRODUCT_OPTION (OPTION_NM,OPTION_STOCK,PD_CODE,OP_CODE) values ('골드브러시 | Ø200',100,109,331);
Insert into PRODUCT_OPTION (OPTION_NM,OPTION_STOCK,PD_CODE,OP_CODE) values ('골드브러시 | Ø250',100,109,332);
Insert into PRODUCT_OPTION (OPTION_NM,OPTION_STOCK,PD_CODE,OP_CODE) values ('골드브러시 | Ø90',100,110,333);
Insert into PRODUCT_OPTION (OPTION_NM,OPTION_STOCK,PD_CODE,OP_CODE) values ('골드브러시 | Ø100',100,110,334);
Insert into PRODUCT_OPTION (OPTION_NM,OPTION_STOCK,PD_CODE,OP_CODE) values ('골드브러시 | Ø150',100,110,335);
Insert into PRODUCT_OPTION (OPTION_NM,OPTION_STOCK,PD_CODE,OP_CODE) values ('골드브러시 | Ø200',100,110,336);
Insert into PRODUCT_OPTION (OPTION_NM,OPTION_STOCK,PD_CODE,OP_CODE) values ('골드브러시 | Ø250',100,110,337);
Insert into PRODUCT_OPTION (OPTION_NM,OPTION_STOCK,PD_CODE,OP_CODE) values ('화이트',100,111,338);
Insert into PRODUCT_OPTION (OPTION_NM,OPTION_STOCK,PD_CODE,OP_CODE) values ('블랙',100,111,339);
Insert into PRODUCT_OPTION (OPTION_NM,OPTION_STOCK,PD_CODE,OP_CODE) values ('신주골드 | Ø300',100,112,340);
Insert into PRODUCT_OPTION (OPTION_NM,OPTION_STOCK,PD_CODE,OP_CODE) values ('신주골드 | Ø400',100,112,341);
Insert into PRODUCT_OPTION (OPTION_NM,OPTION_STOCK,PD_CODE,OP_CODE) values ('신주골드 | Ø600',100,112,342);
Insert into PRODUCT_OPTION (OPTION_NM,OPTION_STOCK,PD_CODE,OP_CODE) values ('화이트',100,113,343);
Insert into PRODUCT_OPTION (OPTION_NM,OPTION_STOCK,PD_CODE,OP_CODE) values ('블랙',100,113,344);
Insert into PRODUCT_OPTION (OPTION_NM,OPTION_STOCK,PD_CODE,OP_CODE) values ('아이보리',100,113,345);
Insert into PRODUCT_OPTION (OPTION_NM,OPTION_STOCK,PD_CODE,OP_CODE) values ('스카이블루',100,113,346);
Insert into PRODUCT_OPTION (OPTION_NM,OPTION_STOCK,PD_CODE,OP_CODE) values ('애플그린',100,113,347);
Insert into PRODUCT_OPTION (OPTION_NM,OPTION_STOCK,PD_CODE,OP_CODE) values ('인디핑크',100,113,348);
Insert into PRODUCT_OPTION (OPTION_NM,OPTION_STOCK,PD_CODE,OP_CODE) values ('다크그레이',100,113,349);
Insert into PRODUCT_OPTION (OPTION_NM,OPTION_STOCK,PD_CODE,OP_CODE) values ('화이트',100,114,350);
Insert into PRODUCT_OPTION (OPTION_NM,OPTION_STOCK,PD_CODE,OP_CODE) values ('블랙',100,114,351);
Insert into PRODUCT_OPTION (OPTION_NM,OPTION_STOCK,PD_CODE,OP_CODE) values ('그레이',100,114,352);
Insert into PRODUCT_OPTION (OPTION_NM,OPTION_STOCK,PD_CODE,OP_CODE) values ('화이트',100,115,353);
Insert into PRODUCT_OPTION (OPTION_NM,OPTION_STOCK,PD_CODE,OP_CODE) values ('로즈골드',100,115,354);
Insert into PRODUCT_OPTION (OPTION_NM,OPTION_STOCK,PD_CODE,OP_CODE) values ('화이트',100,116,355);
Insert into PRODUCT_OPTION (OPTION_NM,OPTION_STOCK,PD_CODE,OP_CODE) values ('로즈골드',100,116,356);
Insert into PRODUCT_OPTION (OPTION_NM,OPTION_STOCK,PD_CODE,OP_CODE) values ('블랙',100,117,357);
Insert into PRODUCT_OPTION (OPTION_NM,OPTION_STOCK,PD_CODE,OP_CODE) values ('아이보리',100,117,358);
REM INSERTING into QUESTION
SET DEFINE OFF;
Insert into QUESTION (QUESTION_CODE,QUESTION_TITLE,QUESTION_CATEGORY,QUESTION_CONTENT,ANSWER_CONTENT,QUESTION_CREATE_DATE,QUESTION_STATUS,MEMBER_CODE) values (1,'배송 출발했나요?','배송','1월 12일에 주문한 구도연이라고 하는데 혹시 배송 출발했나요??','교환해드렸습니다^^','23/01/12 13:29:53','해결',3);
Insert into QUESTION (QUESTION_CODE,QUESTION_TITLE,QUESTION_CATEGORY,QUESTION_CONTENT,ANSWER_CONTENT,QUESTION_CREATE_DATE,QUESTION_STATUS,MEMBER_CODE) values (2,'주문취소해주세요','주문취소','1월 12일에 주문한 구도연이라고 하는데 배송 출발 안 했으면 주문취소해주세요','교환해드렸습니다^^','23/01/12 14:00:53','해결',3);
Insert into QUESTION (QUESTION_CODE,QUESTION_TITLE,QUESTION_CATEGORY,QUESTION_CONTENT,ANSWER_CONTENT,QUESTION_CREATE_DATE,QUESTION_STATUS,MEMBER_CODE) values (3,'주문취소 말고 교환 해주세요','교환','1월 12일에 주문한 구도연인데 취소 말고 혹시 전구 색 변경해서 보내주실 수 있으실까요?? 백색에서 주광색으로요!','변경해서 보내드릴게요 감사합니다^^','23/01/12 14:05:22','해결',3);
Insert into QUESTION (QUESTION_CODE,QUESTION_TITLE,QUESTION_CATEGORY,QUESTION_CONTENT,ANSWER_CONTENT,QUESTION_CREATE_DATE,QUESTION_STATUS,MEMBER_CODE) values (8,'환불해주세요','환불','1월 12일에 주문한 구도연이라고 사이즈가 안 맞아서 환불할게요','네 보내주시면 환불처리 도와드리겠습니다','23/01/14 13:00:11','해결',3);
Insert into QUESTION (QUESTION_CODE,QUESTION_TITLE,QUESTION_CATEGORY,QUESTION_CONTENT,ANSWER_CONTENT,QUESTION_CREATE_DATE,QUESTION_STATUS,MEMBER_CODE) values (7,'혹시 호환가능할까요??','상품','혹시 지금 사용중인 https://smartstore.naver.com/living365/products/7135878772?NaPm=ct%3Dldh2zbwo|ci%3D0za0003P9bnxAGp7yv0G|tr%3Dpla|hk%3D304fefcf39a284d3c8716756cb26569a463611ec 에 호환가능할까요??','죄송하지만 상품규격이 나와있지 않은 상품이라 확답드리기가 어렵습니다.','23/01/14 11:29:22','해결',4);
Insert into QUESTION (QUESTION_CODE,QUESTION_TITLE,QUESTION_CATEGORY,QUESTION_CONTENT,ANSWER_CONTENT,QUESTION_CREATE_DATE,QUESTION_STATUS,MEMBER_CODE) values (11,'배송 출발했나요?','배송','1월 14일에 주문한 심충보라고 하는데 혹시 배송 출발했나요??','네 방금 택배 보냈습니다','23/01/15 13:29:53','미해결',4);
Insert into QUESTION (QUESTION_CODE,QUESTION_TITLE,QUESTION_CATEGORY,QUESTION_CONTENT,ANSWER_CONTENT,QUESTION_CREATE_DATE,QUESTION_STATUS,MEMBER_CODE) values (13,'환불해주세요 안 맞아요','환불','1월 14일에 주문한 심충보라고 하는데 사이즈가 안 맞아서 호환이 안 되네요 환불해주세요...','네 보내주시면 환불처리 도와드리겠습니다.','23/01/17 13:22:52','해결',4);
Insert into QUESTION (QUESTION_CODE,QUESTION_TITLE,QUESTION_CATEGORY,QUESTION_CONTENT,ANSWER_CONTENT,QUESTION_CREATE_DATE,QUESTION_STATUS,MEMBER_CODE) values (4,'배송 출발했나요?','배송','1월 12일에 주문한 이건일이라고 하는데 혹시 배송 출발했나요??','아직 출발 안 했습니다.','23/01/13 10:11:53','해결',5);
Insert into QUESTION (QUESTION_CODE,QUESTION_TITLE,QUESTION_CATEGORY,QUESTION_CONTENT,ANSWER_CONTENT,QUESTION_CREATE_DATE,QUESTION_STATUS,MEMBER_CODE) values (5,'배송 출발했나요?','배송','1월 12일에 추가로 주문한 이건일이라고 하는데 혹시 배송 출발했나요?? 같이 올까요?','같이 출고될 예정입니다.','23/01/13 12:04:33','해결',5);
Insert into QUESTION (QUESTION_CODE,QUESTION_TITLE,QUESTION_CATEGORY,QUESTION_CONTENT,ANSWER_CONTENT,QUESTION_CREATE_DATE,QUESTION_STATUS,MEMBER_CODE) values (6,'교환해주세요','교환','1월 12일에 주문한 이건일이라고 하는데 혹시 배송 출발했나요?? 아직 출발 안 했으면 에스피 펜던트를 스티브 펜던트로 교환가능할까요??','네 교환해서 출고 도와드리겠습니다','23/01/13 13:20:53','해결',5);
Insert into QUESTION (QUESTION_CODE,QUESTION_TITLE,QUESTION_CATEGORY,QUESTION_CONTENT,ANSWER_CONTENT,QUESTION_CREATE_DATE,QUESTION_STATUS,MEMBER_CODE) values (9,'환불부탁드립니다','환불','1월 12일에 주문한 이건일이라고 하는데 스티브 팬던트가 깨져서 와서요 환불 부탁드립니다.','넵 죄송합니다 아마 배송중에 깨진것 같습니다. 환불처리 도와드리겠습니다. ','23/01/14 19:19:03','해결',5);
Insert into QUESTION (QUESTION_CODE,QUESTION_TITLE,QUESTION_CATEGORY,QUESTION_CONTENT,ANSWER_CONTENT,QUESTION_CREATE_DATE,QUESTION_STATUS,MEMBER_CODE) values (10,'주문취소해주세요','주문취소','1월 15일에 주문한 이건일이라고 하는데 방금 주문했는데 주문추가하려구요 주문취소좀 부탁드릴게요','넵 취소 처리 도와드리겠습니다.','23/01/15 13:09:53','해결',5);
Insert into QUESTION (QUESTION_CODE,QUESTION_TITLE,QUESTION_CATEGORY,QUESTION_CONTENT,ANSWER_CONTENT,QUESTION_CREATE_DATE,QUESTION_STATUS,MEMBER_CODE) values (12,'혹시 호환가능할까요?','상품','혹시 지금 사용중인 한샘 스텔라 플로어 스탠드에 혹시 LONG LED 볼구 8W 이 전구 호환가능할까요?','아마 호환불가능한 것 같습니다.','23/01/17 13:14:07','해결',5);
Insert into QUESTION (QUESTION_CODE,QUESTION_TITLE,QUESTION_CATEGORY,QUESTION_CONTENT,ANSWER_CONTENT,QUESTION_CREATE_DATE,QUESTION_STATUS,MEMBER_CODE) values (14,'혹시 도매로도 구매가능할까요??','기타','혹시 좀 큰 가게에 달고 싶은데 도매가로 조금 싸게 가능할까요??','넵 저희 사업자번호로 연락주시면 상담 도와드리겠습니다.','23/01/18 12:11:45','해결',5);
Insert into QUESTION (QUESTION_CODE,QUESTION_TITLE,QUESTION_CATEGORY,QUESTION_CONTENT,ANSWER_CONTENT,QUESTION_CREATE_DATE,QUESTION_STATUS,MEMBER_CODE) values (15,'전화가능할까요??','기타','도매로 구매한다고 했던 사람인데요 혹시 전화로 상담좀 가능할까요??','넵 저희가 아까 그 번호로 8시쯤 연락드리겠습니다.','23/01/18 18:20:13','해결',5);
Insert into QUESTION (QUESTION_CODE,QUESTION_TITLE,QUESTION_CATEGORY,QUESTION_CONTENT,ANSWER_CONTENT,QUESTION_CREATE_DATE,QUESTION_STATUS,MEMBER_CODE) values (16,'도매 주문이요','상품','도매로 구매한다고 했던 사람입니다. 도트 원형 매입 EL-9917 3W 200개랑 콜로세움 매입 EL-9511 4W 200개요','넵 감사합니다 입금 계좌 문자로 보내드릴게요','23/01/19 11:11:23','해결',5);
Insert into QUESTION (QUESTION_CODE,QUESTION_TITLE,QUESTION_CATEGORY,QUESTION_CONTENT,ANSWER_CONTENT,QUESTION_CREATE_DATE,QUESTION_STATUS,MEMBER_CODE) values (18,'교환부탁드립니다','교환','도매로 구매한다고 했던 사람인데요 도트 원형 매입 EL-9917 3W 2개가 깨져서 와서요 교환 부탁드릴게요!','죄송합니다 바로 출고 처리 해드리겠습니다','23/01/21 14:20:13','해결',5);
Insert into QUESTION (QUESTION_CODE,QUESTION_TITLE,QUESTION_CATEGORY,QUESTION_CONTENT,ANSWER_CONTENT,QUESTION_CREATE_DATE,QUESTION_STATUS,MEMBER_CODE) values (26,'주문취소해주세요','주문취소','방금 결제했는데 주문 취소 부탁드릴게요!',null,'23/01/31 10:20:13','미해결',5);
Insert into QUESTION (QUESTION_CODE,QUESTION_TITLE,QUESTION_CATEGORY,QUESTION_CONTENT,ANSWER_CONTENT,QUESTION_CREATE_DATE,QUESTION_STATUS,MEMBER_CODE) values (20,'교환해주세요','교환','조명색이 너무 탁하네요 맘에 안 들어요 교환해주세요','넵 교환해드리겠습니다. 배송 부탁드릴게요','23/01/22 14:56:11','해결',5);
Insert into QUESTION (QUESTION_CODE,QUESTION_TITLE,QUESTION_CATEGORY,QUESTION_CONTENT,ANSWER_CONTENT,QUESTION_CREATE_DATE,QUESTION_STATUS,MEMBER_CODE) values (21,'교환 말고 환불해주세요','환불','그냥 조명이 맘에 안 드네요 환불해주세요 ','넵 환불해드리겠습니다. 배송 부탁드릴게요','23/01/22 16:16:11','해결',5);
Insert into QUESTION (QUESTION_CODE,QUESTION_TITLE,QUESTION_CATEGORY,QUESTION_CONTENT,ANSWER_CONTENT,QUESTION_CREATE_DATE,QUESTION_STATUS,MEMBER_CODE) values (27,'주문취소해주세요','주문취소','방금 주문했는데 주문내역좀 변경하려구요 취소부탁드립니다.',null,'23/01/31 10:21:11','미해결',5);
Insert into QUESTION (QUESTION_CODE,QUESTION_TITLE,QUESTION_CATEGORY,QUESTION_CONTENT,ANSWER_CONTENT,QUESTION_CREATE_DATE,QUESTION_STATUS,MEMBER_CODE) values (19,'배송출발했나요?','배송','아까 낮에 결제했는데 아직도 출발 안 한거 아니죠?','3시에 출고 예정입니다','23/01/20 14:10:13','해결',9);
Insert into QUESTION (QUESTION_CODE,QUESTION_TITLE,QUESTION_CATEGORY,QUESTION_CONTENT,ANSWER_CONTENT,QUESTION_CREATE_DATE,QUESTION_STATUS,MEMBER_CODE) values (22,'주문취소해주세요','주문취소','주문취소 해주세요','넵 취소해드렸습니다.','23/01/23 09:20:13','해결',7);
Insert into QUESTION (QUESTION_CODE,QUESTION_TITLE,QUESTION_CATEGORY,QUESTION_CONTENT,ANSWER_CONTENT,QUESTION_CREATE_DATE,QUESTION_STATUS,MEMBER_CODE) values (23,'주문취소해주세요','주문취소','주문취소 부탁드릴게요','넵 취소해드렸습니다.','23/01/23 11:20:13','해결',7);
Insert into QUESTION (QUESTION_CODE,QUESTION_TITLE,QUESTION_CATEGORY,QUESTION_CONTENT,ANSWER_CONTENT,QUESTION_CREATE_DATE,QUESTION_STATUS,MEMBER_CODE) values (24,'주문취소해주세요','주문취소','죄송합니다 계속 마지막으로 주문취소 부탁드릴게요 ㅜㅜ','넵 취소해드렸습니다.','23/01/24 11:25:13','해결',7);
Insert into QUESTION (QUESTION_CODE,QUESTION_TITLE,QUESTION_CATEGORY,QUESTION_CONTENT,ANSWER_CONTENT,QUESTION_CREATE_DATE,QUESTION_STATUS,MEMBER_CODE) values (25,'교환부탁드립니다','교환','1월 24일에 구매한 최호연이라고 합니다. 사이즈가 안 맞아서요 교환 부탁드립니다.','넵 출고해드리겠습니다 배송 부탁드릴게요.','23/01/24 14:20:13','해결',7);
REM INSERTING into QUESTION_IMG
SET DEFINE OFF;
Insert into QUESTION_IMG (QUESTION_IMG_CODE,ORIGINAL_NAME,NEW_NAME,QUESTION_CODE) values (8,'전진이주문.PNG','전진이주문.PNG',27);
Insert into QUESTION_IMG (QUESTION_IMG_CODE,ORIGINAL_NAME,NEW_NAME,QUESTION_CODE) values (4,'이건일주문.PNG','이건일주문.PNG',10);
Insert into QUESTION_IMG (QUESTION_IMG_CODE,ORIGINAL_NAME,NEW_NAME,QUESTION_CODE) values (1,'구도연주문.PNG','구도연주문.PNG',2);
Insert into QUESTION_IMG (QUESTION_IMG_CODE,ORIGINAL_NAME,NEW_NAME,QUESTION_CODE) values (2,'이케아스탠드.PNG','이케아스탠드.PNG',7);
Insert into QUESTION_IMG (QUESTION_IMG_CODE,ORIGINAL_NAME,NEW_NAME,QUESTION_CODE) values (7,'최호연주문.PNG','최호연주문.PNG',22);
Insert into QUESTION_IMG (QUESTION_IMG_CODE,ORIGINAL_NAME,NEW_NAME,QUESTION_CODE) values (6,'깨진전구.PNG','깨진전구.PNG',18);
Insert into QUESTION_IMG (QUESTION_IMG_CODE,ORIGINAL_NAME,NEW_NAME,QUESTION_CODE) values (3,'깨진조명.PNG','깨진조명.PNG',9);
Insert into QUESTION_IMG (QUESTION_IMG_CODE,ORIGINAL_NAME,NEW_NAME,QUESTION_CODE) values (5,'한샘스탠드.JPG','한샘스탠드.JPG',12);
REM INSERTING into REVIEW_IMAGE
SET DEFINE OFF;
REM INSERTING into TBL_AUTHORITY
SET DEFINE OFF;
Insert into TBL_AUTHORITY (AUTHORITY_CODE,AUTHORITY_NAME,AUTHORITY_DESC) values (1,'ROLE_ADMIN','관리자');
Insert into TBL_AUTHORITY (AUTHORITY_CODE,AUTHORITY_NAME,AUTHORITY_DESC) values (2,'ROLE_USER','일반회원');
REM INSERTING into TBL_COMPANY
SET DEFINE OFF;
Insert into TBL_COMPANY (BSR_NUM,CP_NM,RP_NM,CP_TEL,BS_TYPE,BS_ITEM,CP_ADS_NUM,CP_ADS,CP_ADS_DETAIL,CP_EMAIL) values (1234567890,'LUMOS','얄롤리','02-1234-5678','제조 및 도소매','램프 및 조명장치','01363','서울특별시 종로구 인사동길 12','15층 1501호','lumos@lumos.com');
REM INSERTING into TBL_MEMBER
SET DEFINE OFF;
Insert into TBL_MEMBER (MEMBER_CODE,MEMBER_ID,MEMBER_PASSWORD,MEMBER_NAME,MEMBER_BIRTH,MEMBER_GEN,MEMBER_PHONE,MEMBER_EMAIL,MEMBER_ADS_NUM,MEMBER_ADS,MEMBER_ADS_DETAIL) values (1,'admin','$2a$10$N34MRj4tKVD0AxwvEcC8eOLUyBpXloPKE7Yw.S4/kj5fD1OU5BWsi','관리자','20230112','선택안함','01020230112','Team.Project.LUMOS@gmail.com','230102','팀프로젝트','루모스');
Insert into TBL_MEMBER (MEMBER_CODE,MEMBER_ID,MEMBER_PASSWORD,MEMBER_NAME,MEMBER_BIRTH,MEMBER_GEN,MEMBER_PHONE,MEMBER_EMAIL,MEMBER_ADS_NUM,MEMBER_ADS,MEMBER_ADS_DETAIL) values (2,'test01','$2a$10$N34MRj4tKVD0AxwvEcC8eOLUyBpXloPKE7Yw.S4/kj5fD1OU5BWsi','테스트회원','20230112','선택안함','01020230112','test01@naver.com','230102','팀프로젝트','루모스');
Insert into TBL_MEMBER (MEMBER_CODE,MEMBER_ID,MEMBER_PASSWORD,MEMBER_NAME,MEMBER_BIRTH,MEMBER_GEN,MEMBER_PHONE,MEMBER_EMAIL,MEMBER_ADS_NUM,MEMBER_ADS,MEMBER_ADS_DETAIL) values (3,'koo0137','$2a$10$N34MRj4tKVD0AxwvEcC8eOLUyBpXloPKE7Yw.S4/kj5fD1OU5BWsi','구도연','19970119','여성','01092569135','12151782@inha.edu','03163','서울특별시 종로구 인사동길 12','15층 1501호');
Insert into TBL_MEMBER (MEMBER_CODE,MEMBER_ID,MEMBER_PASSWORD,MEMBER_NAME,MEMBER_BIRTH,MEMBER_GEN,MEMBER_PHONE,MEMBER_EMAIL,MEMBER_ADS_NUM,MEMBER_ADS,MEMBER_ADS_DETAIL) values (4,'user01','$2a$10$N34MRj4tKVD0AxwvEcC8eOLUyBpXloPKE7Yw.S4/kj5fD1OU5BWsi','심충보','19940608','남성','010-5593-4625','znfhwjd@gmail.com','03333','사가정로 65','101동 101호');
Insert into TBL_MEMBER (MEMBER_CODE,MEMBER_ID,MEMBER_PASSWORD,MEMBER_NAME,MEMBER_BIRTH,MEMBER_GEN,MEMBER_PHONE,MEMBER_EMAIL,MEMBER_ADS_NUM,MEMBER_ADS,MEMBER_ADS_DETAIL) values (5,'user02','$2a$10$N34MRj4tKVD0AxwvEcC8eOLUyBpXloPKE7Yw.S4/kj5fD1OU5BWsi','이건일','19980123','남성','010-2619-2819','lisd0123@naver.com','02020','화랑로 15','303동');
Insert into TBL_MEMBER (MEMBER_CODE,MEMBER_ID,MEMBER_PASSWORD,MEMBER_NAME,MEMBER_BIRTH,MEMBER_GEN,MEMBER_PHONE,MEMBER_EMAIL,MEMBER_ADS_NUM,MEMBER_ADS,MEMBER_ADS_DETAIL) values (6,'user03','$2a$10$N34MRj4tKVD0AxwvEcC8eOLUyBpXloPKE7Yw.S4/kj5fD1OU5BWsi','전진이','19971110','여성','010-9435-2687','outlier.bread@gmail.com','12345','선화로43번길 29','201동 1503호');
Insert into TBL_MEMBER (MEMBER_CODE,MEMBER_ID,MEMBER_PASSWORD,MEMBER_NAME,MEMBER_BIRTH,MEMBER_GEN,MEMBER_PHONE,MEMBER_EMAIL,MEMBER_ADS_NUM,MEMBER_ADS,MEMBER_ADS_DETAIL) values (7,'user04','$2a$10$N34MRj4tKVD0AxwvEcC8eOLUyBpXloPKE7Yw.S4/kj5fD1OU5BWsi','최호연','19950101','남성','010-1111-1111','outlier.bread@gmail.com','03452','인사동길 12','1501호');
Insert into TBL_MEMBER (MEMBER_CODE,MEMBER_ID,MEMBER_PASSWORD,MEMBER_NAME,MEMBER_BIRTH,MEMBER_GEN,MEMBER_PHONE,MEMBER_EMAIL,MEMBER_ADS_NUM,MEMBER_ADS,MEMBER_ADS_DETAIL) values (8,'user05','$2a$10$N34MRj4tKVD0AxwvEcC8eOLUyBpXloPKE7Yw.S4/kj5fD1OU5BWsi','최예나','19970101','여성','010-2222-2222','shin4@gmail.com','05632','인사동길 12','1503호');
Insert into TBL_MEMBER (MEMBER_CODE,MEMBER_ID,MEMBER_PASSWORD,MEMBER_NAME,MEMBER_BIRTH,MEMBER_GEN,MEMBER_PHONE,MEMBER_EMAIL,MEMBER_ADS_NUM,MEMBER_ADS,MEMBER_ADS_DETAIL) values (9,'yookiki','$2a$10$N34MRj4tKVD0AxwvEcC8eOLUyBpXloPKE7Yw.S4/kj5fD1OU5BWsi','유기현','19931122','남성','01019931122','yookiki@gmail.com','03167','서울특별시 종로구 경희궁3가길 32','1203호');
Insert into TBL_MEMBER (MEMBER_CODE,MEMBER_ID,MEMBER_PASSWORD,MEMBER_NAME,MEMBER_BIRTH,MEMBER_GEN,MEMBER_PHONE,MEMBER_EMAIL,MEMBER_ADS_NUM,MEMBER_ADS,MEMBER_ADS_DETAIL) values (10,'coenffl','$2a$10$N34MRj4tKVD0AxwvEcC8eOLUyBpXloPKE7Yw.S4/kj5fD1OU5BWsi','채형원','19930115','남성','01096357415','coenffl@gmail.com','03633','서울특별시 서대문구 통일로34길 48','107동 1004호');
Insert into TBL_MEMBER (MEMBER_CODE,MEMBER_ID,MEMBER_PASSWORD,MEMBER_NAME,MEMBER_BIRTH,MEMBER_GEN,MEMBER_PHONE,MEMBER_EMAIL,MEMBER_ADS_NUM,MEMBER_ADS,MEMBER_ADS_DETAIL) values (11,'user08','$2a$10$N34MRj4tKVD0AxwvEcC8eOLUyBpXloPKE7Yw.S4/kj5fD1OU5BWsi','선아현','19931113','여성','01077773333','iyou@gmail.com','06541','서울특별시 서초구 강남대로 479','1층 경비실');
Insert into TBL_MEMBER (MEMBER_CODE,MEMBER_ID,MEMBER_PASSWORD,MEMBER_NAME,MEMBER_BIRTH,MEMBER_GEN,MEMBER_PHONE,MEMBER_EMAIL,MEMBER_ADS_NUM,MEMBER_ADS,MEMBER_ADS_DETAIL) values (12,'user09','$2a$10$N34MRj4tKVD0AxwvEcC8eOLUyBpXloPKE7Yw.S4/kj5fD1OU5BWsi','이민혁','19931103','남성','01014155141','zzang@gmail.com','06177','서울특별시 강남구 영동대로72길 10','201동 301호');
Insert into TBL_MEMBER (MEMBER_CODE,MEMBER_ID,MEMBER_PASSWORD,MEMBER_NAME,MEMBER_BIRTH,MEMBER_GEN,MEMBER_PHONE,MEMBER_EMAIL,MEMBER_ADS_NUM,MEMBER_ADS,MEMBER_ADS_DETAIL) values (13,'user10','$2a$10$N34MRj4tKVD0AxwvEcC8eOLUyBpXloPKE7Yw.S4/kj5fD1OU5BWsi','김형서','19980927','여성','01036325141','hm@gmail.com','06177','서울특별시 강남구 영동대로72길 10','201동 301호');
Insert into TBL_MEMBER (MEMBER_CODE,MEMBER_ID,MEMBER_PASSWORD,MEMBER_NAME,MEMBER_BIRTH,MEMBER_GEN,MEMBER_PHONE,MEMBER_EMAIL,MEMBER_ADS_NUM,MEMBER_ADS,MEMBER_ADS_DETAIL) values (14,'user11','$2a$10$N34MRj4tKVD0AxwvEcC8eOLUyBpXloPKE7Yw.S4/kj5fD1OU5BWsi','김태리','19940401','여성','01014785236','sz@gmail.com','06282','서울특별시 강남구 영동대로57길 28','301동 1301호');
Insert into TBL_MEMBER (MEMBER_CODE,MEMBER_ID,MEMBER_PASSWORD,MEMBER_NAME,MEMBER_BIRTH,MEMBER_GEN,MEMBER_PHONE,MEMBER_EMAIL,MEMBER_ADS_NUM,MEMBER_ADS,MEMBER_ADS_DETAIL) values (15,'user12','$2a$10$N34MRj4tKVD0AxwvEcC8eOLUyBpXloPKE7Yw.S4/kj5fD1OU5BWsi','김선미','19970401','여성','01065659898','ggulggul@gmail.com','06282','서울특별시 강남구 영동대로57길 28','101동 301호');
Insert into TBL_MEMBER (MEMBER_CODE,MEMBER_ID,MEMBER_PASSWORD,MEMBER_NAME,MEMBER_BIRTH,MEMBER_GEN,MEMBER_PHONE,MEMBER_EMAIL,MEMBER_ADS_NUM,MEMBER_ADS,MEMBER_ADS_DETAIL) values (16,'user13','$2a$10$N34MRj4tKVD0AxwvEcC8eOLUyBpXloPKE7Yw.S4/kj5fD1OU5BWsi','한지성','19581021','남성','01085241254','sy@gmail.com','48058','부산광역시 해운대구 센텀4로 15','1층 로비');
Insert into TBL_MEMBER (MEMBER_CODE,MEMBER_ID,MEMBER_PASSWORD,MEMBER_NAME,MEMBER_BIRTH,MEMBER_GEN,MEMBER_PHONE,MEMBER_EMAIL,MEMBER_ADS_NUM,MEMBER_ADS,MEMBER_ADS_DETAIL) values (17,'user14','$2a$10$N34MRj4tKVD0AxwvEcC8eOLUyBpXloPKE7Yw.S4/kj5fD1OU5BWsi','이주연','19880921','남성','01077558844','waterload@gmail.com','63119','제주특별자치도 제주시 연삼로 64','103동 505호');
Insert into TBL_MEMBER (MEMBER_CODE,MEMBER_ID,MEMBER_PASSWORD,MEMBER_NAME,MEMBER_BIRTH,MEMBER_GEN,MEMBER_PHONE,MEMBER_EMAIL,MEMBER_ADS_NUM,MEMBER_ADS,MEMBER_ADS_DETAIL) values (18,'user15','$2a$10$N34MRj4tKVD0AxwvEcC8eOLUyBpXloPKE7Yw.S4/kj5fD1OU5BWsi','김승민','19720925','남성','01032326565','suriname@gmail.com','25490','강원도 강릉시 화부산로131번길 6','102동 505호');
Insert into TBL_MEMBER (MEMBER_CODE,MEMBER_ID,MEMBER_PASSWORD,MEMBER_NAME,MEMBER_BIRTH,MEMBER_GEN,MEMBER_PHONE,MEMBER_EMAIL,MEMBER_ADS_NUM,MEMBER_ADS,MEMBER_ADS_DETAIL) values (19,'user16','$2a$10$N34MRj4tKVD0AxwvEcC8eOLUyBpXloPKE7Yw.S4/kj5fD1OU5BWsi','이용복','19820205','남성','01033336666','oxox@gmail.com','24223','강원도 춘천시 영서로 2854','1층');
Insert into TBL_MEMBER (MEMBER_CODE,MEMBER_ID,MEMBER_PASSWORD,MEMBER_NAME,MEMBER_BIRTH,MEMBER_GEN,MEMBER_PHONE,MEMBER_EMAIL,MEMBER_ADS_NUM,MEMBER_ADS,MEMBER_ADS_DETAIL) values (20,'user17','$2a$10$N34MRj4tKVD0AxwvEcC8eOLUyBpXloPKE7Yw.S4/kj5fD1OU5BWsi','강새벽','19850205','여성','01033337777','midnight@gmail.com','25947','강원도 삼척시 도계읍 강원남부로 1385-48 ','1201호');
REM INSERTING into TBL_MEMBER_ROLE
SET DEFINE OFF;
Insert into TBL_MEMBER_ROLE (MEMBER_CODE,AUTHORITY_CODE) values (1,1);
Insert into TBL_MEMBER_ROLE (MEMBER_CODE,AUTHORITY_CODE) values (1,2);
Insert into TBL_MEMBER_ROLE (MEMBER_CODE,AUTHORITY_CODE) values (2,2);
Insert into TBL_MEMBER_ROLE (MEMBER_CODE,AUTHORITY_CODE) values (3,2);
Insert into TBL_MEMBER_ROLE (MEMBER_CODE,AUTHORITY_CODE) values (4,2);
Insert into TBL_MEMBER_ROLE (MEMBER_CODE,AUTHORITY_CODE) values (5,2);
Insert into TBL_MEMBER_ROLE (MEMBER_CODE,AUTHORITY_CODE) values (6,2);
Insert into TBL_MEMBER_ROLE (MEMBER_CODE,AUTHORITY_CODE) values (7,2);
Insert into TBL_MEMBER_ROLE (MEMBER_CODE,AUTHORITY_CODE) values (8,2);
Insert into TBL_MEMBER_ROLE (MEMBER_CODE,AUTHORITY_CODE) values (9,2);
Insert into TBL_MEMBER_ROLE (MEMBER_CODE,AUTHORITY_CODE) values (10,2);
Insert into TBL_MEMBER_ROLE (MEMBER_CODE,AUTHORITY_CODE) values (11,2);
Insert into TBL_MEMBER_ROLE (MEMBER_CODE,AUTHORITY_CODE) values (12,2);
Insert into TBL_MEMBER_ROLE (MEMBER_CODE,AUTHORITY_CODE) values (13,2);
Insert into TBL_MEMBER_ROLE (MEMBER_CODE,AUTHORITY_CODE) values (14,2);
Insert into TBL_MEMBER_ROLE (MEMBER_CODE,AUTHORITY_CODE) values (15,2);
Insert into TBL_MEMBER_ROLE (MEMBER_CODE,AUTHORITY_CODE) values (16,2);
Insert into TBL_MEMBER_ROLE (MEMBER_CODE,AUTHORITY_CODE) values (17,2);
Insert into TBL_MEMBER_ROLE (MEMBER_CODE,AUTHORITY_CODE) values (18,2);
Insert into TBL_MEMBER_ROLE (MEMBER_CODE,AUTHORITY_CODE) values (19,2);
Insert into TBL_MEMBER_ROLE (MEMBER_CODE,AUTHORITY_CODE) values (20,2);
REM INSERTING into TBL_ORDER
SET DEFINE OFF;
Insert into TBL_ORDER (ORDER_NUM,ORDER_CODE,ORDER_DATE,PAYMENT_MT,ORDER_PC,DELIVERY_PC,TOTAL_PC,DELIVERY_MT,DELIVERY_CP,ST_ORDER,CG_NM,CG_PH,CG_ADS_NUM,CG_ADS,CG_ADS_DETAIL,MEMBER_CODE,DELIVERY_NUM,ST_CLAIM,ST_PAYMENT,ORDER_CONF,DELIVERY_START,DELIVERY_END,PURCHASE_CONF,DELIVERY_MSG) values (1,'20220531-000001',to_date('22/06/01','RR/MM/DD'),'무통장입금',2800000,0,2800000,'일반택배','CJ대한통운','Y','최호연','010-1111-1111','3452','인사동길 12','1501호',7,'123-456-7890',null,'입금대기',to_date('22/06/01','RR/MM/DD'),to_date('22/06/01','RR/MM/DD'),to_date('22/06/03','RR/MM/DD'),to_date('22/06/05','RR/MM/DD'),'도착전연락주세요');
Insert into TBL_ORDER (ORDER_NUM,ORDER_CODE,ORDER_DATE,PAYMENT_MT,ORDER_PC,DELIVERY_PC,TOTAL_PC,DELIVERY_MT,DELIVERY_CP,ST_ORDER,CG_NM,CG_PH,CG_ADS_NUM,CG_ADS,CG_ADS_DETAIL,MEMBER_CODE,DELIVERY_NUM,ST_CLAIM,ST_PAYMENT,ORDER_CONF,DELIVERY_START,DELIVERY_END,PURCHASE_CONF,DELIVERY_MSG) values (2,'20220729-000001',to_date('22/07/30','RR/MM/DD'),'무통장입금',2800000,0,2800000,'일반택배','CJ대한통운','Y','최호연','010-1111-1111','3452','인사동길 12','1501호',7,'123-456-7890',null,'입금대기',to_date('22/07/30','RR/MM/DD'),to_date('22/07/30','RR/MM/DD'),to_date('22/08/01','RR/MM/DD'),to_date('22/08/05','RR/MM/DD'),'도착전연락주세요');
Insert into TBL_ORDER (ORDER_NUM,ORDER_CODE,ORDER_DATE,PAYMENT_MT,ORDER_PC,DELIVERY_PC,TOTAL_PC,DELIVERY_MT,DELIVERY_CP,ST_ORDER,CG_NM,CG_PH,CG_ADS_NUM,CG_ADS,CG_ADS_DETAIL,MEMBER_CODE,DELIVERY_NUM,ST_CLAIM,ST_PAYMENT,ORDER_CONF,DELIVERY_START,DELIVERY_END,PURCHASE_CONF,DELIVERY_MSG) values (3,'20220729-000002',to_date('22/07/30','RR/MM/DD'),'무통장입금',900000,0,900000,'방문수령',null,'Y','최호연','010-1111-1111','3452','인사동길 12','1501호',7,null,null,'입금대기',to_date('22/07/30','RR/MM/DD'),to_date('22/07/30','RR/MM/DD'),to_date('22/08/01','RR/MM/DD'),to_date('22/08/05','RR/MM/DD'),'도착전연락주세요');
Insert into TBL_ORDER (ORDER_NUM,ORDER_CODE,ORDER_DATE,PAYMENT_MT,ORDER_PC,DELIVERY_PC,TOTAL_PC,DELIVERY_MT,DELIVERY_CP,ST_ORDER,CG_NM,CG_PH,CG_ADS_NUM,CG_ADS,CG_ADS_DETAIL,MEMBER_CODE,DELIVERY_NUM,ST_CLAIM,ST_PAYMENT,ORDER_CONF,DELIVERY_START,DELIVERY_END,PURCHASE_CONF,DELIVERY_MSG) values (5,'20220729-000003',to_date('22/07/30','RR/MM/DD'),'무통장입금',44000,3000,47000,'일반택배','CJ대한통운','Y','최호연','010-1111-1111','3452','인사동길 12','1501호',7,'123-456-7890',null,'입금대기',to_date('22/07/30','RR/MM/DD'),to_date('22/07/30','RR/MM/DD'),to_date('22/08/01','RR/MM/DD'),to_date('22/08/05','RR/MM/DD'),'도착전연락주세요');
Insert into TBL_ORDER (ORDER_NUM,ORDER_CODE,ORDER_DATE,PAYMENT_MT,ORDER_PC,DELIVERY_PC,TOTAL_PC,DELIVERY_MT,DELIVERY_CP,ST_ORDER,CG_NM,CG_PH,CG_ADS_NUM,CG_ADS,CG_ADS_DETAIL,MEMBER_CODE,DELIVERY_NUM,ST_CLAIM,ST_PAYMENT,ORDER_CONF,DELIVERY_START,DELIVERY_END,PURCHASE_CONF,DELIVERY_MSG) values (6,'20220729-000004',to_date('22/07/30','RR/MM/DD'),'무통장입금',700000,0,700000,'일반택배','CJ대한통운','Y','최호연','010-1111-1111','3452','인사동길 12','1501호',7,'123-456-7890',null,'입금대기',to_date('22/07/30','RR/MM/DD'),to_date('22/07/30','RR/MM/DD'),to_date('22/08/01','RR/MM/DD'),to_date('22/08/05','RR/MM/DD'),'도착전연락주세요');
Insert into TBL_ORDER (ORDER_NUM,ORDER_CODE,ORDER_DATE,PAYMENT_MT,ORDER_PC,DELIVERY_PC,TOTAL_PC,DELIVERY_MT,DELIVERY_CP,ST_ORDER,CG_NM,CG_PH,CG_ADS_NUM,CG_ADS,CG_ADS_DETAIL,MEMBER_CODE,DELIVERY_NUM,ST_CLAIM,ST_PAYMENT,ORDER_CONF,DELIVERY_START,DELIVERY_END,PURCHASE_CONF,DELIVERY_MSG) values (7,'20221030-000001',to_date('22/10/31','RR/MM/DD'),'무통장입금',2800000,0,2800000,'일반택배','CJ대한통운','Y','최호연','010-1111-1111','3452','인사동길 12','1501호',7,'123-456-7890',null,'입금대기',to_date('22/10/31','RR/MM/DD'),to_date('22/10/31','RR/MM/DD'),to_date('22/11/01','RR/MM/DD'),to_date('22/11/03','RR/MM/DD'),'도착전연락주세요');
Insert into TBL_ORDER (ORDER_NUM,ORDER_CODE,ORDER_DATE,PAYMENT_MT,ORDER_PC,DELIVERY_PC,TOTAL_PC,DELIVERY_MT,DELIVERY_CP,ST_ORDER,CG_NM,CG_PH,CG_ADS_NUM,CG_ADS,CG_ADS_DETAIL,MEMBER_CODE,DELIVERY_NUM,ST_CLAIM,ST_PAYMENT,ORDER_CONF,DELIVERY_START,DELIVERY_END,PURCHASE_CONF,DELIVERY_MSG) values (8,'20221030-000002',to_date('22/10/31','RR/MM/DD'),'무통장입금',900000,0,900000,'방문수령',null,'Y','최호연','010-1111-1111','3452','인사동길 12','1501호',7,null,null,'입금대기',to_date('22/10/31','RR/MM/DD'),to_date('22/10/31','RR/MM/DD'),to_date('22/11/01','RR/MM/DD'),to_date('22/11/03','RR/MM/DD'),'도착전연락주세요');
Insert into TBL_ORDER (ORDER_NUM,ORDER_CODE,ORDER_DATE,PAYMENT_MT,ORDER_PC,DELIVERY_PC,TOTAL_PC,DELIVERY_MT,DELIVERY_CP,ST_ORDER,CG_NM,CG_PH,CG_ADS_NUM,CG_ADS,CG_ADS_DETAIL,MEMBER_CODE,DELIVERY_NUM,ST_CLAIM,ST_PAYMENT,ORDER_CONF,DELIVERY_START,DELIVERY_END,PURCHASE_CONF,DELIVERY_MSG) values (9,'20221030-000003',to_date('22/10/31','RR/MM/DD'),'무통장입금',44000,3000,47000,'일반택배','CJ대한통운','Y','최호연','010-1111-1111','3452','인사동길 12','1501호',7,'123-456-7890',null,'입금대기',to_date('22/10/31','RR/MM/DD'),to_date('22/10/31','RR/MM/DD'),to_date('22/11/01','RR/MM/DD'),to_date('22/11/03','RR/MM/DD'),'도착전연락주세요');
Insert into TBL_ORDER (ORDER_NUM,ORDER_CODE,ORDER_DATE,PAYMENT_MT,ORDER_PC,DELIVERY_PC,TOTAL_PC,DELIVERY_MT,DELIVERY_CP,ST_ORDER,CG_NM,CG_PH,CG_ADS_NUM,CG_ADS,CG_ADS_DETAIL,MEMBER_CODE,DELIVERY_NUM,ST_CLAIM,ST_PAYMENT,ORDER_CONF,DELIVERY_START,DELIVERY_END,PURCHASE_CONF,DELIVERY_MSG) values (10,'20221030-000004',to_date('22/10/31','RR/MM/DD'),'무통장입금',700000,0,700000,'일반택배','CJ대한통운','Y','최호연','010-1111-1111','3452','인사동길 12','1501호',7,'123-456-7890',null,'입금대기',to_date('22/10/31','RR/MM/DD'),to_date('22/10/31','RR/MM/DD'),to_date('22/11/01','RR/MM/DD'),to_date('22/11/03','RR/MM/DD'),'도착전연락주세요');
Insert into TBL_ORDER (ORDER_NUM,ORDER_CODE,ORDER_DATE,PAYMENT_MT,ORDER_PC,DELIVERY_PC,TOTAL_PC,DELIVERY_MT,DELIVERY_CP,ST_ORDER,CG_NM,CG_PH,CG_ADS_NUM,CG_ADS,CG_ADS_DETAIL,MEMBER_CODE,DELIVERY_NUM,ST_CLAIM,ST_PAYMENT,ORDER_CONF,DELIVERY_START,DELIVERY_END,PURCHASE_CONF,DELIVERY_MSG) values (11,'20230125-000001',to_date('23/01/26','RR/MM/DD'),'무통장입금',2800000,0,2800000,'일반택배','CJ대한통운','Y','최호연','010-1111-1111','3452','인사동길 12','1501호',7,'123-456-7890',null,'입금대기',to_date('23/01/26','RR/MM/DD'),to_date('23/01/26','RR/MM/DD'),to_date('23/01/26','RR/MM/DD'),to_date('23/01/28','RR/MM/DD'),'도착전연락주세요');
Insert into TBL_ORDER (ORDER_NUM,ORDER_CODE,ORDER_DATE,PAYMENT_MT,ORDER_PC,DELIVERY_PC,TOTAL_PC,DELIVERY_MT,DELIVERY_CP,ST_ORDER,CG_NM,CG_PH,CG_ADS_NUM,CG_ADS,CG_ADS_DETAIL,MEMBER_CODE,DELIVERY_NUM,ST_CLAIM,ST_PAYMENT,ORDER_CONF,DELIVERY_START,DELIVERY_END,PURCHASE_CONF,DELIVERY_MSG) values (12,'20230125-000002',to_date('23/01/26','RR/MM/DD'),'무통장입금',900000,0,900000,'방문수령',null,'Y','최호연','010-1111-1111','3452','인사동길 12','1501호',7,null,null,'입금대기',to_date('23/01/26','RR/MM/DD'),to_date('23/01/26','RR/MM/DD'),to_date('23/01/26','RR/MM/DD'),to_date('23/01/28','RR/MM/DD'),'도착전연락주세요');
Insert into TBL_ORDER (ORDER_NUM,ORDER_CODE,ORDER_DATE,PAYMENT_MT,ORDER_PC,DELIVERY_PC,TOTAL_PC,DELIVERY_MT,DELIVERY_CP,ST_ORDER,CG_NM,CG_PH,CG_ADS_NUM,CG_ADS,CG_ADS_DETAIL,MEMBER_CODE,DELIVERY_NUM,ST_CLAIM,ST_PAYMENT,ORDER_CONF,DELIVERY_START,DELIVERY_END,PURCHASE_CONF,DELIVERY_MSG) values (13,'20230125-000003',to_date('23/01/26','RR/MM/DD'),'무통장입금',44000,3000,47000,'일반택배','CJ대한통운','Y','최호연','010-1111-1111','3452','인사동길 12','1501호',7,'123-456-7890',null,'입금대기',to_date('23/01/26','RR/MM/DD'),to_date('23/01/26','RR/MM/DD'),to_date('23/01/26','RR/MM/DD'),to_date('23/01/28','RR/MM/DD'),'도착전연락주세요');
Insert into TBL_ORDER (ORDER_NUM,ORDER_CODE,ORDER_DATE,PAYMENT_MT,ORDER_PC,DELIVERY_PC,TOTAL_PC,DELIVERY_MT,DELIVERY_CP,ST_ORDER,CG_NM,CG_PH,CG_ADS_NUM,CG_ADS,CG_ADS_DETAIL,MEMBER_CODE,DELIVERY_NUM,ST_CLAIM,ST_PAYMENT,ORDER_CONF,DELIVERY_START,DELIVERY_END,PURCHASE_CONF,DELIVERY_MSG) values (14,'20230125-000004',to_date('23/01/26','RR/MM/DD'),'무통장입금',700000,0,700000,'일반택배','CJ대한통운','Y','최호연','010-1111-1111','3452','인사동길 12','1501호',7,'123-456-7890',null,'입금대기',to_date('23/01/26','RR/MM/DD'),to_date('23/01/26','RR/MM/DD'),to_date('23/01/26','RR/MM/DD'),to_date('23/01/28','RR/MM/DD'),'도착전연락주세요');
Insert into TBL_ORDER (ORDER_NUM,ORDER_CODE,ORDER_DATE,PAYMENT_MT,ORDER_PC,DELIVERY_PC,TOTAL_PC,DELIVERY_MT,DELIVERY_CP,ST_ORDER,CG_NM,CG_PH,CG_ADS_NUM,CG_ADS,CG_ADS_DETAIL,MEMBER_CODE,DELIVERY_NUM,ST_CLAIM,ST_PAYMENT,ORDER_CONF,DELIVERY_START,DELIVERY_END,PURCHASE_CONF,DELIVERY_MSG) values (15,'20230126-000001',to_date('23/01/27','RR/MM/DD'),'무통장입금',385000,0,385000,'일반택배','우체국택배','Y','구도연','1092569135','3163','서울특별시 종로구 인사동길 12','15층 1501호',3,'123-456-7890',null,'입금대기',to_date('23/01/27','RR/MM/DD'),to_date('23/01/27','RR/MM/DD'),to_date('23/01/27','RR/MM/DD'),to_date('23/01/30','RR/MM/DD'),'도착전연락주세요');
Insert into TBL_ORDER (ORDER_NUM,ORDER_CODE,ORDER_DATE,PAYMENT_MT,ORDER_PC,DELIVERY_PC,TOTAL_PC,DELIVERY_MT,DELIVERY_CP,ST_ORDER,CG_NM,CG_PH,CG_ADS_NUM,CG_ADS,CG_ADS_DETAIL,MEMBER_CODE,DELIVERY_NUM,ST_CLAIM,ST_PAYMENT,ORDER_CONF,DELIVERY_START,DELIVERY_END,PURCHASE_CONF,DELIVERY_MSG) values (16,'20230126-000002',to_date('23/01/27','RR/MM/DD'),'무통장입금',260000,0,260000,'일반택배','우체국택배','Y','구도연','1092569135','3163','서울특별시 종로구 인사동길 12','15층 1501호',3,'123-456-7890',null,'입금대기',to_date('23/01/27','RR/MM/DD'),to_date('23/01/27','RR/MM/DD'),to_date('23/01/27','RR/MM/DD'),to_date('23/01/30','RR/MM/DD'),'아까 주문이랑 같이 배송해주세요.');
Insert into TBL_ORDER (ORDER_NUM,ORDER_CODE,ORDER_DATE,PAYMENT_MT,ORDER_PC,DELIVERY_PC,TOTAL_PC,DELIVERY_MT,DELIVERY_CP,ST_ORDER,CG_NM,CG_PH,CG_ADS_NUM,CG_ADS,CG_ADS_DETAIL,MEMBER_CODE,DELIVERY_NUM,ST_CLAIM,ST_PAYMENT,ORDER_CONF,DELIVERY_START,DELIVERY_END,PURCHASE_CONF,DELIVERY_MSG) values (17,'20230126-000003',to_date('23/01/27','RR/MM/DD'),'카카오페이',150000,0,150000,'방문수령',null,'Y','심충보','010-5593-4625','3333','사가정로 65','101동 101호',5,null,null,'TRUE',to_date('23/01/27','RR/MM/DD'),to_date('23/01/27','RR/MM/DD'),to_date('23/01/27','RR/MM/DD'),to_date('23/01/30','RR/MM/DD'),'3시에 가지러 가겠습니다.');
Insert into TBL_ORDER (ORDER_NUM,ORDER_CODE,ORDER_DATE,PAYMENT_MT,ORDER_PC,DELIVERY_PC,TOTAL_PC,DELIVERY_MT,DELIVERY_CP,ST_ORDER,CG_NM,CG_PH,CG_ADS_NUM,CG_ADS,CG_ADS_DETAIL,MEMBER_CODE,DELIVERY_NUM,ST_CLAIM,ST_PAYMENT,ORDER_CONF,DELIVERY_START,DELIVERY_END,PURCHASE_CONF,DELIVERY_MSG) values (18,'20230126-000004',to_date('23/01/27','RR/MM/DD'),'카카오페이',180000,0,180000,'퀵',null,'Y','이건일','010-2619-2819','2020','화랑로 15','303동',6,null,null,'TRUE',to_date('23/01/27','RR/MM/DD'),to_date('23/01/27','RR/MM/DD'),to_date('23/01/27','RR/MM/DD'),to_date('23/01/30','RR/MM/DD'),'빨리 부탁드립니다.');
Insert into TBL_ORDER (ORDER_NUM,ORDER_CODE,ORDER_DATE,PAYMENT_MT,ORDER_PC,DELIVERY_PC,TOTAL_PC,DELIVERY_MT,DELIVERY_CP,ST_ORDER,CG_NM,CG_PH,CG_ADS_NUM,CG_ADS,CG_ADS_DETAIL,MEMBER_CODE,DELIVERY_NUM,ST_CLAIM,ST_PAYMENT,ORDER_CONF,DELIVERY_START,DELIVERY_END,PURCHASE_CONF,DELIVERY_MSG) values (19,'20230126-000005',to_date('23/01/27','RR/MM/DD'),'무통장입금',140000,0,140000,'일반택배','CJ대한통운','Y','전진이','010-9435-2687','12345','선화로43번길 29','201동 1503호',7,'123-456-7890',null,'입금대기',to_date('23/01/27','RR/MM/DD'),to_date('23/01/27','RR/MM/DD'),to_date('23/01/27','RR/MM/DD'),to_date('23/01/30','RR/MM/DD'),'도착전연락주세요');
Insert into TBL_ORDER (ORDER_NUM,ORDER_CODE,ORDER_DATE,PAYMENT_MT,ORDER_PC,DELIVERY_PC,TOTAL_PC,DELIVERY_MT,DELIVERY_CP,ST_ORDER,CG_NM,CG_PH,CG_ADS_NUM,CG_ADS,CG_ADS_DETAIL,MEMBER_CODE,DELIVERY_NUM,ST_CLAIM,ST_PAYMENT,ORDER_CONF,DELIVERY_START,DELIVERY_END,PURCHASE_CONF,DELIVERY_MSG) values (20,'20230129-000001',to_date('23/01/30','RR/MM/DD'),'카카오페이',350000,0,350000,'퀵',null,'Y','강새벽','1033337777','25947','강원도 삼척시 도계읍 강원남부로 1385-48 ','1201호',20,null,null,'TRUE',null,null,null,null,'빨리 부탁드립니다.');
Insert into TBL_ORDER (ORDER_NUM,ORDER_CODE,ORDER_DATE,PAYMENT_MT,ORDER_PC,DELIVERY_PC,TOTAL_PC,DELIVERY_MT,DELIVERY_CP,ST_ORDER,CG_NM,CG_PH,CG_ADS_NUM,CG_ADS,CG_ADS_DETAIL,MEMBER_CODE,DELIVERY_NUM,ST_CLAIM,ST_PAYMENT,ORDER_CONF,DELIVERY_START,DELIVERY_END,PURCHASE_CONF,DELIVERY_MSG) values (21,'20230129-000002',to_date('23/01/30','RR/MM/DD'),'카카오페이',346500,0,346500,'일반택배',null,'Y','이건일','010-2619-2819','2020','화랑로 15','303동',5,null,null,'TRUE',null,null,null,null,'빨리 부탁드립니다.');
Insert into TBL_ORDER (ORDER_NUM,ORDER_CODE,ORDER_DATE,PAYMENT_MT,ORDER_PC,DELIVERY_PC,TOTAL_PC,DELIVERY_MT,DELIVERY_CP,ST_ORDER,CG_NM,CG_PH,CG_ADS_NUM,CG_ADS,CG_ADS_DETAIL,MEMBER_CODE,DELIVERY_NUM,ST_CLAIM,ST_PAYMENT,ORDER_CONF,DELIVERY_START,DELIVERY_END,PURCHASE_CONF,DELIVERY_MSG) values (22,'20230129-000003',to_date('23/01/30','RR/MM/DD'),'카카오페이',140000,0,140000,'일반택배',null,'Y','이건일','010-2619-2819','2020','화랑로 15','303동',5,null,null,'TRUE',null,null,null,null,'도착전연락주세요');
Insert into TBL_ORDER (ORDER_NUM,ORDER_CODE,ORDER_DATE,PAYMENT_MT,ORDER_PC,DELIVERY_PC,TOTAL_PC,DELIVERY_MT,DELIVERY_CP,ST_ORDER,CG_NM,CG_PH,CG_ADS_NUM,CG_ADS,CG_ADS_DETAIL,MEMBER_CODE,DELIVERY_NUM,ST_CLAIM,ST_PAYMENT,ORDER_CONF,DELIVERY_START,DELIVERY_END,PURCHASE_CONF,DELIVERY_MSG) values (23,'20230129-000004',to_date('23/01/30','RR/MM/DD'),'무통장입금',120000,0,120000,'일반택배',null,'Y','최예나','010-2222-2222','5632','인사동길 12','1503호',8,null,null,'입금대기',null,null,null,null,'도착전연락주세요');
Insert into TBL_ORDER (ORDER_NUM,ORDER_CODE,ORDER_DATE,PAYMENT_MT,ORDER_PC,DELIVERY_PC,TOTAL_PC,DELIVERY_MT,DELIVERY_CP,ST_ORDER,CG_NM,CG_PH,CG_ADS_NUM,CG_ADS,CG_ADS_DETAIL,MEMBER_CODE,DELIVERY_NUM,ST_CLAIM,ST_PAYMENT,ORDER_CONF,DELIVERY_START,DELIVERY_END,PURCHASE_CONF,DELIVERY_MSG) values (24,'20230129-000005',to_date('23/01/30','RR/MM/DD'),'카카오페이',3000,3000,6000,'일반택배',null,'Y','최예나','010-2222-2222','5632','인사동길 12','1503호',8,null,null,'TRUE',null,null,null,null,'합배송 부탁드립니다.');
Insert into TBL_ORDER (ORDER_NUM,ORDER_CODE,ORDER_DATE,PAYMENT_MT,ORDER_PC,DELIVERY_PC,TOTAL_PC,DELIVERY_MT,DELIVERY_CP,ST_ORDER,CG_NM,CG_PH,CG_ADS_NUM,CG_ADS,CG_ADS_DETAIL,MEMBER_CODE,DELIVERY_NUM,ST_CLAIM,ST_PAYMENT,ORDER_CONF,DELIVERY_START,DELIVERY_END,PURCHASE_CONF,DELIVERY_MSG) values (25,'20230129-000006',to_date('23/01/30','RR/MM/DD'),'무통장입금',86500,0,86500,'일반택배',null,'Y','이용복','1033336666','24223','강원도 춘천시 영서로 2854','1층',19,null,null,'입금대기',null,null,null,null,'빨리 부탁드립니다.');
Insert into TBL_ORDER (ORDER_NUM,ORDER_CODE,ORDER_DATE,PAYMENT_MT,ORDER_PC,DELIVERY_PC,TOTAL_PC,DELIVERY_MT,DELIVERY_CP,ST_ORDER,CG_NM,CG_PH,CG_ADS_NUM,CG_ADS,CG_ADS_DETAIL,MEMBER_CODE,DELIVERY_NUM,ST_CLAIM,ST_PAYMENT,ORDER_CONF,DELIVERY_START,DELIVERY_END,PURCHASE_CONF,DELIVERY_MSG) values (26,'20230129-000007',to_date('23/01/30','RR/MM/DD'),'카카오페이',187000,0,187000,'퀵',null,'Y','유기현','1019931122','3167','서울특별시 종로구 경희궁3가길 32','1203호',9,null,null,'TRUE',null,null,null,null,null);
REM INSERTING into TBL_ORDER_PRODUCT
SET DEFINE OFF;
Insert into TBL_ORDER_PRODUCT (ORDER_PD_NUM,ORDER_AMOUNT,ORDER_NUM,MAIN_IMG_PATH,PD_CODE,OP_CODE,PD_NAME,OP_NAME,PD_PC) values (1,14,1,'02_1.jpg',2,4,'[LED 큐브 초슬림 거실등 110W','화이트 | 주광색 (6500K)',200000);
Insert into TBL_ORDER_PRODUCT (ORDER_PD_NUM,ORDER_AMOUNT,ORDER_NUM,MAIN_IMG_PATH,PD_CODE,OP_CODE,PD_NAME,OP_NAME,PD_PC) values (2,14,2,'02_1.jpg',2,4,'[LED 큐브 초슬림 거실등 110W','화이트 | 주광색 (6500K)',200000);
Insert into TBL_ORDER_PRODUCT (ORDER_PD_NUM,ORDER_AMOUNT,ORDER_NUM,MAIN_IMG_PATH,PD_CODE,OP_CODE,PD_NAME,OP_NAME,PD_PC) values (3,10,3,'114_1.jpg',114,350,'몬테나 펜던트','화이트',90000);
Insert into TBL_ORDER_PRODUCT (ORDER_PD_NUM,ORDER_AMOUNT,ORDER_NUM,MAIN_IMG_PATH,PD_CODE,OP_CODE,PD_NAME,OP_NAME,PD_PC) values (5,2,5,'76_1.jpg',76,225,'르그랑 아테오 사각 1구 스위치 A타입','화이트',22000);
Insert into TBL_ORDER_PRODUCT (ORDER_PD_NUM,ORDER_AMOUNT,ORDER_NUM,MAIN_IMG_PATH,PD_CODE,OP_CODE,PD_NAME,OP_NAME,PD_PC) values (6,1,6,'99_1.jpg',99,294,'헥트로 펜던트','주문 제작 상품 (반품 불가)',400000);
Insert into TBL_ORDER_PRODUCT (ORDER_PD_NUM,ORDER_AMOUNT,ORDER_NUM,MAIN_IMG_PATH,PD_CODE,OP_CODE,PD_NAME,OP_NAME,PD_PC) values (7,14,7,'02_1.jpg',2,4,'[LED 큐브 초슬림 거실등 110W','화이트 | 주광색 (6500K)',200000);
Insert into TBL_ORDER_PRODUCT (ORDER_PD_NUM,ORDER_AMOUNT,ORDER_NUM,MAIN_IMG_PATH,PD_CODE,OP_CODE,PD_NAME,OP_NAME,PD_PC) values (8,10,8,'114_1.jpg',114,350,'몬테나 펜던트','화이트',90000);
Insert into TBL_ORDER_PRODUCT (ORDER_PD_NUM,ORDER_AMOUNT,ORDER_NUM,MAIN_IMG_PATH,PD_CODE,OP_CODE,PD_NAME,OP_NAME,PD_PC) values (9,2,9,'76_1.jpg',76,225,'르그랑 아테오 사각 1구 스위치 A타입','화이트',22000);
Insert into TBL_ORDER_PRODUCT (ORDER_PD_NUM,ORDER_AMOUNT,ORDER_NUM,MAIN_IMG_PATH,PD_CODE,OP_CODE,PD_NAME,OP_NAME,PD_PC) values (10,1,10,'99_1.jpg',99,294,'헥트로 펜던트','주문 제작 상품 (반품 불가)',400000);
Insert into TBL_ORDER_PRODUCT (ORDER_PD_NUM,ORDER_AMOUNT,ORDER_NUM,MAIN_IMG_PATH,PD_CODE,OP_CODE,PD_NAME,OP_NAME,PD_PC) values (11,14,11,'02_1.jpg',2,4,'[LED 큐브 초슬림 거실등 110W','화이트 | 주광색 (6500K)',200000);
Insert into TBL_ORDER_PRODUCT (ORDER_PD_NUM,ORDER_AMOUNT,ORDER_NUM,MAIN_IMG_PATH,PD_CODE,OP_CODE,PD_NAME,OP_NAME,PD_PC) values (12,10,12,'114_1.jpg',114,350,'몬테나 펜던트','화이트',90000);
Insert into TBL_ORDER_PRODUCT (ORDER_PD_NUM,ORDER_AMOUNT,ORDER_NUM,MAIN_IMG_PATH,PD_CODE,OP_CODE,PD_NAME,OP_NAME,PD_PC) values (13,2,13,'76_1.jpg',76,225,'르그랑 아테오 사각 1구 스위치 A타입','화이트',22000);
Insert into TBL_ORDER_PRODUCT (ORDER_PD_NUM,ORDER_AMOUNT,ORDER_NUM,MAIN_IMG_PATH,PD_CODE,OP_CODE,PD_NAME,OP_NAME,PD_PC) values (14,1,14,'99_1.jpg',99,294,'헥트로 펜던트','주문 제작 상품 (반품 불가)',400000);
Insert into TBL_ORDER_PRODUCT (ORDER_PD_NUM,ORDER_AMOUNT,ORDER_NUM,MAIN_IMG_PATH,PD_CODE,OP_CODE,PD_NAME,OP_NAME,PD_PC) values (15,1,15,'01_1.JPG',1,1,'[LED 큐브 초슬림 거실등 165W','블랙 | 주광색 (6500K)',255000);
Insert into TBL_ORDER_PRODUCT (ORDER_PD_NUM,ORDER_AMOUNT,ORDER_NUM,MAIN_IMG_PATH,PD_CODE,OP_CODE,PD_NAME,OP_NAME,PD_PC) values (16,10,15,'22.JPG',22,55,'볼륨 3인치 매입 EL-9177 8W','화이트 | 전구색 (3000K)',13000);
Insert into TBL_ORDER_PRODUCT (ORDER_PD_NUM,ORDER_AMOUNT,ORDER_NUM,MAIN_IMG_PATH,PD_CODE,OP_CODE,PD_NAME,OP_NAME,PD_PC) values (17,20,16,'22.JPG',22,56,'볼륨 3인치 매입 EL-9177 8W','화이트 | 주백색 (4000K)',13000);
Insert into TBL_ORDER_PRODUCT (ORDER_PD_NUM,ORDER_AMOUNT,ORDER_NUM,MAIN_IMG_PATH,PD_CODE,OP_CODE,PD_NAME,OP_NAME,PD_PC) values (18,1,17,'80_1.JPG',80,229,'르그랑 아테오 사각 2구 스위치 C타입','화이트',40000);
Insert into TBL_ORDER_PRODUCT (ORDER_PD_NUM,ORDER_AMOUNT,ORDER_NUM,MAIN_IMG_PATH,PD_CODE,OP_CODE,PD_NAME,OP_NAME,PD_PC) values (19,5,17,'76_1.JPG',76,225,'르그랑 아테오 사각 1구 스위치 A타입','화이트',22000);
Insert into TBL_ORDER_PRODUCT (ORDER_PD_NUM,ORDER_AMOUNT,ORDER_NUM,MAIN_IMG_PATH,PD_CODE,OP_CODE,PD_NAME,OP_NAME,PD_PC) values (20,1,18,'116_1.JPG',116,355,'앨리스 펜던트 (대)','화이트',180000);
Insert into TBL_ORDER_PRODUCT (ORDER_PD_NUM,ORDER_AMOUNT,ORDER_NUM,MAIN_IMG_PATH,PD_CODE,OP_CODE,PD_NAME,OP_NAME,PD_PC) values (21,2,19,'08_1.JPG',8,15,'[LED 큐브 초슬림 주방등 55W','블랙 | 주광색 (6500K)',70000);
Insert into TBL_ORDER_PRODUCT (ORDER_PD_NUM,ORDER_AMOUNT,ORDER_NUM,MAIN_IMG_PATH,PD_CODE,OP_CODE,PD_NAME,OP_NAME,PD_PC) values (22,50,20,'35.JPG',35,112,'스쿱 원형 매입 EL-994 4W','화이트 | 전구색 (3000K)',7000);
Insert into TBL_ORDER_PRODUCT (ORDER_PD_NUM,ORDER_AMOUNT,ORDER_NUM,MAIN_IMG_PATH,PD_CODE,OP_CODE,PD_NAME,OP_NAME,PD_PC) values (23,1,21,'109_1.JPG',109,329,'에녹 볼 펜던트','골드브러시 | Ø100',250000);
Insert into TBL_ORDER_PRODUCT (ORDER_PD_NUM,ORDER_AMOUNT,ORDER_NUM,MAIN_IMG_PATH,PD_CODE,OP_CODE,PD_NAME,OP_NAME,PD_PC) values (24,1,21,'66.JPG',66,206,'LONG LED 에디슨 T45 4W','전구색 (2200K)',6500);
Insert into TBL_ORDER_PRODUCT (ORDER_PD_NUM,ORDER_AMOUNT,ORDER_NUM,MAIN_IMG_PATH,PD_CODE,OP_CODE,PD_NAME,OP_NAME,PD_PC) values (25,1,21,'114_1.JPG',114,350,'몬테나 펜던트','화이트',90000);
Insert into TBL_ORDER_PRODUCT (ORDER_PD_NUM,ORDER_AMOUNT,ORDER_NUM,MAIN_IMG_PATH,PD_CODE,OP_CODE,PD_NAME,OP_NAME,PD_PC) values (26,2,22,'08_1.JPG',8,16,'[LED 큐브 초슬림 주방등 55W','화이트 | 주광색 (6500K)',70000);
Insert into TBL_ORDER_PRODUCT (ORDER_PD_NUM,ORDER_AMOUNT,ORDER_NUM,MAIN_IMG_PATH,PD_CODE,OP_CODE,PD_NAME,OP_NAME,PD_PC) values (27,60,23,'58.JPG',58,189,'LONG LED 벌브 8W','전구색 (3000K)',2000);
Insert into TBL_ORDER_PRODUCT (ORDER_PD_NUM,ORDER_AMOUNT,ORDER_NUM,MAIN_IMG_PATH,PD_CODE,OP_CODE,PD_NAME,OP_NAME,PD_PC) values (28,1,24,'62.JPG',62,198,'LONG LED 볼구 3W','전구색 (3000K)',3000);
Insert into TBL_ORDER_PRODUCT (ORDER_PD_NUM,ORDER_AMOUNT,ORDER_NUM,MAIN_IMG_PATH,PD_CODE,OP_CODE,PD_NAME,OP_NAME,PD_PC) values (29,1,25,'103_1.JPG',103,304,'루체 펜던트 3호','투명',80000);
Insert into TBL_ORDER_PRODUCT (ORDER_PD_NUM,ORDER_AMOUNT,ORDER_NUM,MAIN_IMG_PATH,PD_CODE,OP_CODE,PD_NAME,OP_NAME,PD_PC) values (30,1,25,'69.JPG',69,209,'LONG LED 에디슨 ST64 4W','전구색 (2200K)',6500);
Insert into TBL_ORDER_PRODUCT (ORDER_PD_NUM,ORDER_AMOUNT,ORDER_NUM,MAIN_IMG_PATH,PD_CODE,OP_CODE,PD_NAME,OP_NAME,PD_PC) values (31,1,26,'03_1.JPG',3,5,'[LED 큐브 초슬림 거실등 110W (소)','블랙 | 주광색 (6500K)',187000);
REM INSERTING into TBL_PRODUCT
SET DEFINE OFF;
Insert into TBL_PRODUCT (PD_CODE,PD_NAME,PD_PRICE,PD_DESC,CAT_MAIN,CAT_SUB) values (1,'[LED 큐브 초슬림 거실등 165W',255000,'W980×D700×H75 / 6500K','가정용 LED','거실');
Insert into TBL_PRODUCT (PD_CODE,PD_NAME,PD_PRICE,PD_DESC,CAT_MAIN,CAT_SUB) values (2,'[LED 큐브 초슬림 거실등 110W',200000,'W700×D680×H75 / 6500K','가정용 LED','거실');
Insert into TBL_PRODUCT (PD_CODE,PD_NAME,PD_PRICE,PD_DESC,CAT_MAIN,CAT_SUB) values (3,'[LED 큐브 초슬림 거실등 110W (소)',187000,'W1060×D500×H75 / 6500K','가정용 LED','거실');
Insert into TBL_PRODUCT (PD_CODE,PD_NAME,PD_PRICE,PD_DESC,CAT_MAIN,CAT_SUB) values (4,'[LED 큐브 초슬림 거실등 일체형 110W',153000,'W700×D700×H75 / 6500K','가정용 LED','거실');
Insert into TBL_PRODUCT (PD_CODE,PD_NAME,PD_PRICE,PD_DESC,CAT_MAIN,CAT_SUB) values (5,'[LED 큐브 초슬림 미니 거실등 70W',109000,'W620×D620×H75 / 6500K','가정용 LED','거실');
Insert into TBL_PRODUCT (PD_CODE,PD_NAME,PD_PRICE,PD_DESC,CAT_MAIN,CAT_SUB) values (6,'[LED 큐브 초슬림 방등 55W',70000,'W500×D500×H75 / 6500K','가정용 LED','방');
Insert into TBL_PRODUCT (PD_CODE,PD_NAME,PD_PRICE,PD_DESC,CAT_MAIN,CAT_SUB) values (7,'[LED 큐브 초슬림 방등 미니 27W',50000,'W500×D270×H75 / 6500K','가정용 LED','방');
Insert into TBL_PRODUCT (PD_CODE,PD_NAME,PD_PRICE,PD_DESC,CAT_MAIN,CAT_SUB) values (8,'[LED 큐브 초슬림 주방등 55W',70000,'W1180×D165×H75 / 6500K','가정용 LED','주방');
Insert into TBL_PRODUCT (PD_CODE,PD_NAME,PD_PRICE,PD_DESC,CAT_MAIN,CAT_SUB) values (9,'[LED 큐브 초슬림 주방등 27W',40000,'W620×D165×H75 / 6500K','가정용 LED','주방');
Insert into TBL_PRODUCT (PD_CODE,PD_NAME,PD_PRICE,PD_DESC,CAT_MAIN,CAT_SUB) values (10,'[LED] LONG 6인치 엣지 원형 직부 12W',12000,null,'가정용 LED','현관');
Insert into TBL_PRODUCT (PD_CODE,PD_NAME,PD_PRICE,PD_DESC,CAT_MAIN,CAT_SUB) values (11,'[LED] LONG 6인치 엣지 사각 직부 12W',13000,null,'가정용 LED','현관');
Insert into TBL_PRODUCT (PD_CODE,PD_NAME,PD_PRICE,PD_DESC,CAT_MAIN,CAT_SUB) values (12,'[LED] LONG 8인치 엣지 원형 직부 20W',14000,null,'가정용 LED','현관');
Insert into TBL_PRODUCT (PD_CODE,PD_NAME,PD_PRICE,PD_DESC,CAT_MAIN,CAT_SUB) values (13,'[LED] LONG 8인치 엣지 사각 직부 20W',14000,null,'가정용 LED','현관');
Insert into TBL_PRODUCT (PD_CODE,PD_NAME,PD_PRICE,PD_DESC,CAT_MAIN,CAT_SUB) values (14,'[LED] LONG 8인치 엣지 원형 센서 20W',15000,null,'가정용 LED','현관');
Insert into TBL_PRODUCT (PD_CODE,PD_NAME,PD_PRICE,PD_DESC,CAT_MAIN,CAT_SUB) values (15,'[LED] LONG 8인치 엣지 사각 센서 20W',15000,null,'가정용 LED','현관');
Insert into TBL_PRODUCT (PD_CODE,PD_NAME,PD_PRICE,PD_DESC,CAT_MAIN,CAT_SUB) values (16,'[LED] 큐브 초슬림 직부 20W',35000,'W230×D230×H60 / 6500K','가정용 LED','현관');
Insert into TBL_PRODUCT (PD_CODE,PD_NAME,PD_PRICE,PD_DESC,CAT_MAIN,CAT_SUB) values (17,'[LED] 큐브 초슬림 센서 15W',41500,'W230×D230×H60 / 6500K','가정용 LED','현관');
Insert into TBL_PRODUCT (PD_CODE,PD_NAME,PD_PRICE,PD_DESC,CAT_MAIN,CAT_SUB) values (18,'딥틸팅 3인치 매입 EL-943 12W',14000,'타공 : Ø80 / 외경 : W88×H95 (mm)','매입등','3인치');
Insert into TBL_PRODUCT (PD_CODE,PD_NAME,PD_PRICE,PD_DESC,CAT_MAIN,CAT_SUB) values (19,'슬림 민자 3인치 매입 EL-5271 6W',9000,'타공 : Ø70~90 / 외경 : W98×H30 (mm)','매입등','3인치');
Insert into TBL_PRODUCT (PD_CODE,PD_NAME,PD_PRICE,PD_DESC,CAT_MAIN,CAT_SUB) values (20,'원이어 3인치 매입 EL-2016 8W',13000,'타공 : Ø75~90 / 외경 : W100×H65 (mm)','매입등','3인치');
Insert into TBL_PRODUCT (PD_CODE,PD_NAME,PD_PRICE,PD_DESC,CAT_MAIN,CAT_SUB) values (21,'스파클링 3인치 매입 EL-5281 6W',9000,'타공 : Ø75~85 / 외경 : W95×H75 (mm)','매입등','3인치');
Insert into TBL_PRODUCT (PD_CODE,PD_NAME,PD_PRICE,PD_DESC,CAT_MAIN,CAT_SUB) values (22,'볼륨 3인치 매입 EL-9177 8W',13000,'타공 : Ø75~85 / 외경 : W95×H68 (mm)','매입등','3인치');
Insert into TBL_PRODUCT (PD_CODE,PD_NAME,PD_PRICE,PD_DESC,CAT_MAIN,CAT_SUB) values (23,'타원 3인치 매입 EL-945 12W',14000,'타공 : Ø75~80 / 외경 : W90×H85 (mm)','매입등','3인치');
Insert into TBL_PRODUCT (PD_CODE,PD_NAME,PD_PRICE,PD_DESC,CAT_MAIN,CAT_SUB) values (24,'하이 3인치 매입 EL-9171 8W',12000,'타공 : Ø75~80 / 외경 : W90×H63 (mm)','매입등','3인치');
Insert into TBL_PRODUCT (PD_CODE,PD_NAME,PD_PRICE,PD_DESC,CAT_MAIN,CAT_SUB) values (25,'3인치 회전 매입 EL-902 6W',9000,'타공 : Ø75~80 / 외경 : W90×H50~55 (mm)','매입등','3인치');
Insert into TBL_PRODUCT (PD_CODE,PD_NAME,PD_PRICE,PD_DESC,CAT_MAIN,CAT_SUB) values (26,'샤크 3인치 매입 EL-1004 12W',21000,'타공 : Ø75~80 / 외경 : W90×H55 (mm)','매입등','3인치');
Insert into TBL_PRODUCT (PD_CODE,PD_NAME,PD_PRICE,PD_DESC,CAT_MAIN,CAT_SUB) values (27,'아크릴 3인치 매입 EL-983 8W',9000,'타공 : Ø75~80 / 외경 : W90×H45 (mm)','매입등','3인치');
Insert into TBL_PRODUCT (PD_CODE,PD_NAME,PD_PRICE,PD_DESC,CAT_MAIN,CAT_SUB) values (28,'뉴 오목 COB 매입 EL-9176 12W',13000,'타공 : Ø75~80 / 외경 : W88×H80 (mm)','매입등','3인치');
Insert into TBL_PRODUCT (PD_CODE,PD_NAME,PD_PRICE,PD_DESC,CAT_MAIN,CAT_SUB) values (29,'스퀴즈 매입 EL-947 7W',10000,'타공 : Ø75 / 외경 : W93×H96 (mm)','매입등','3인치');
Insert into TBL_PRODUCT (PD_CODE,PD_NAME,PD_PRICE,PD_DESC,CAT_MAIN,CAT_SUB) values (30,'엠보싱 3인치 매입 EL-5251 6W',9000,'타공 : Ø75~90 / 외경 : W100×H61 (mm)','매입등','3인치');
Insert into TBL_PRODUCT (PD_CODE,PD_NAME,PD_PRICE,PD_DESC,CAT_MAIN,CAT_SUB) values (31,'블러 3인치 매입 EL-5291 6W',8000,'타공 : Ø70~80 / 외경 : W100×H45 (mm)','매입등','3인치');
Insert into TBL_PRODUCT (PD_CODE,PD_NAME,PD_PRICE,PD_DESC,CAT_MAIN,CAT_SUB) values (32,'오목 COB 매입 EL-9161 8W',9000,'타공 : Ø70~80 / 외경 : W90×H55 (mm)','매입등','3인치');
Insert into TBL_PRODUCT (PD_CODE,PD_NAME,PD_PRICE,PD_DESC,CAT_MAIN,CAT_SUB) values (33,'모노 라운드 매입 EL-917 8W',11000,'타공 : Ø70~80 / 외경 : W90×H55 (mm)','매입등','3인치');
Insert into TBL_PRODUCT (PD_CODE,PD_NAME,PD_PRICE,PD_DESC,CAT_MAIN,CAT_SUB) values (34,'5구 매입 EL-905 5W',8000,'타공 : Ø70~75 / 외경 : W85×H53 (mm)','매입등','3인치');
Insert into TBL_PRODUCT (PD_CODE,PD_NAME,PD_PRICE,PD_DESC,CAT_MAIN,CAT_SUB) values (35,'스쿱 원형 매입 EL-994 4W',7000,'타공 : Ø35 / 외경 : W40×H30 (mm)','매입등','2인치 (가구매입)');
Insert into TBL_PRODUCT (PD_CODE,PD_NAME,PD_PRICE,PD_DESC,CAT_MAIN,CAT_SUB) values (36,'스쿱 사각 매입 EL-995 4W',7000,'타공 : Ø35 / 외경 : W40×H40 (mm)','매입등','2인치 (가구매입)');
Insert into TBL_PRODUCT (PD_CODE,PD_NAME,PD_PRICE,PD_DESC,CAT_MAIN,CAT_SUB) values (37,'스팟 회전 매입 EL-996 3W',7000,'타공 : Ø32 / 외경 : W35×H30 (mm)','매입등','2인치 (가구매입)');
Insert into TBL_PRODUCT (PD_CODE,PD_NAME,PD_PRICE,PD_DESC,CAT_MAIN,CAT_SUB) values (38,'원형 가구 매입 EL-998 4W',7000,'타공 : Ø35 / 외경 : W45×H27 (mm)','매입등','2인치 (가구매입)');
Insert into TBL_PRODUCT (PD_CODE,PD_NAME,PD_PRICE,PD_DESC,CAT_MAIN,CAT_SUB) values (39,'사각 가구 매입 EL-999 4W',6000,'타공 : Ø35 / 외경 : W45×H45 (mm)','매입등','2인치 (가구매입)');
Insert into TBL_PRODUCT (PD_CODE,PD_NAME,PD_PRICE,PD_DESC,CAT_MAIN,CAT_SUB) values (40,'도트 원형 매입 EL-9917 3W',8000,'타공 : Ø36~40 / 외경 : W50×H40 (mm)','매입등','2인치 (가구매입)');
Insert into TBL_PRODUCT (PD_CODE,PD_NAME,PD_PRICE,PD_DESC,CAT_MAIN,CAT_SUB) values (41,'도트 사각 매입 EL-9918 3W',8000,'타공 : Ø36~40 / 외경 : W50×H40 (mm)','매입등','2인치 (가구매입)');
Insert into TBL_PRODUCT (PD_CODE,PD_NAME,PD_PRICE,PD_DESC,CAT_MAIN,CAT_SUB) values (42,'실버 볼록 매입 EL-991 2W',7000,'타공 : Ø36 / 외경 : W40×H20 (mm)','매입등','2인치 (가구매입)');
Insert into TBL_PRODUCT (PD_CODE,PD_NAME,PD_PRICE,PD_DESC,CAT_MAIN,CAT_SUB) values (43,'실버 오목 매입 EL-993 2W',7000,'타공 : Ø36 / 외경 : W40×H20 (mm)','매입등','2인치 (가구매입)');
Insert into TBL_PRODUCT (PD_CODE,PD_NAME,PD_PRICE,PD_DESC,CAT_MAIN,CAT_SUB) values (44,'돔 1구 매입 EL-9901 3W',7000,'타공 : Ø40 / 외경 : W50×H30 (mm)','매입등','2인치 (가구매입)');
Insert into TBL_PRODUCT (PD_CODE,PD_NAME,PD_PRICE,PD_DESC,CAT_MAIN,CAT_SUB) values (45,'돔 2구 매입 EL-9902 3W',7000,'타공 : Ø40 / 외경 : W50×H30 (mm)','매입등','2인치 (가구매입)');
Insert into TBL_PRODUCT (PD_CODE,PD_NAME,PD_PRICE,PD_DESC,CAT_MAIN,CAT_SUB) values (46,'돔 3구 매입 EL-9903 3W',7000,'타공 : Ø40 / 외경 : W50×H30 (mm)','매입등','2인치 (가구매입)');
Insert into TBL_PRODUCT (PD_CODE,PD_NAME,PD_PRICE,PD_DESC,CAT_MAIN,CAT_SUB) values (47,'돔 4구 매입 EL-9904 3W',8000,'타공 : Ø40 / 외경 : W50×H30 (mm)','매입등','2인치 (가구매입)');
Insert into TBL_PRODUCT (PD_CODE,PD_NAME,PD_PRICE,PD_DESC,CAT_MAIN,CAT_SUB) values (48,'푸딩 매입 EL-9510 4W',8000,'타공 : Ø40~48 / 외경 : W53×H44 (mm)','매입등','2인치 (가구매입)');
Insert into TBL_PRODUCT (PD_CODE,PD_NAME,PD_PRICE,PD_DESC,CAT_MAIN,CAT_SUB) values (49,'콜로세움 매입 EL-9511 4W',8000,'타공 : Ø40~50 / 외경 : W58×H35 (mm)','매입등','2인치 (가구매입)');
Insert into TBL_PRODUCT (PD_CODE,PD_NAME,PD_PRICE,PD_DESC,CAT_MAIN,CAT_SUB) values (50,'원형 가구 2인치 EL-9512 4W',7000,'타공 : Ø48~65 / 외경 : W75×H25 (mm)','매입등','2인치 (가구매입)');
Insert into TBL_PRODUCT (PD_CODE,PD_NAME,PD_PRICE,PD_DESC,CAT_MAIN,CAT_SUB) values (51,'워터볼 EL-9519 4W',8000,'타공 : Ø33 / 외경 : W40×H46 (mm)','매입등','2인치 (가구매입)');
Insert into TBL_PRODUCT (PD_CODE,PD_NAME,PD_PRICE,PD_DESC,CAT_MAIN,CAT_SUB) values (52,'스퀘어 이글루 EL-9509 4W',8000,'타공 : Ø45 / 외경 : W60×D60×H35 (mm)','매입등','2인치 (가구매입)');
Insert into TBL_PRODUCT (PD_CODE,PD_NAME,PD_PRICE,PD_DESC,CAT_MAIN,CAT_SUB) values (53,'라운드 이글루 EL-9508 4W',8000,'타공 : Ø45 / 외경 : W55×H35 (mm)','매입등','2인치 (가구매입)');
Insert into TBL_PRODUCT (PD_CODE,PD_NAME,PD_PRICE,PD_DESC,CAT_MAIN,CAT_SUB) values (54,'아이스 써클 EL-9906 4W',7000,'타공 : Ø32 / 외경 : W39×H25 (mm)','매입등','2인치 (가구매입)');
Insert into TBL_PRODUCT (PD_CODE,PD_NAME,PD_PRICE,PD_DESC,CAT_MAIN,CAT_SUB) values (55,'아이스 라운지 EL-9905 4W',7000,'타공 : Ø32 / 외경 : W43×H27 (mm)','매입등','2인치 (가구매입)');
Insert into TBL_PRODUCT (PD_CODE,PD_NAME,PD_PRICE,PD_DESC,CAT_MAIN,CAT_SUB) values (56,'얼티밋 2인치 EL-9913 3W',8000,'타공 : Ø45~55 / 외경 : W60×H30 (mm)','매입등','2인치 (가구매입)');
Insert into TBL_PRODUCT (PD_CODE,PD_NAME,PD_PRICE,PD_DESC,CAT_MAIN,CAT_SUB) values (57,'LONG LED COB 벌브 6W',8000,'E26 base','램프','벌브');
Insert into TBL_PRODUCT (PD_CODE,PD_NAME,PD_PRICE,PD_DESC,CAT_MAIN,CAT_SUB) values (58,'LONG LED 벌브 8W',2000,'E26 base','램프','벌브');
Insert into TBL_PRODUCT (PD_CODE,PD_NAME,PD_PRICE,PD_DESC,CAT_MAIN,CAT_SUB) values (59,'LONG LED 벌브 12W',4000,'E26 base','램프','벌브');
Insert into TBL_PRODUCT (PD_CODE,PD_NAME,PD_PRICE,PD_DESC,CAT_MAIN,CAT_SUB) values (60,'LONG LED 벌브 15W',5000,'E26 base','램프','벌브');
Insert into TBL_PRODUCT (PD_CODE,PD_NAME,PD_PRICE,PD_DESC,CAT_MAIN,CAT_SUB) values (61,'LONG LED 벌브 20W',8500,'E26 base','램프','벌브');
Insert into TBL_PRODUCT (PD_CODE,PD_NAME,PD_PRICE,PD_DESC,CAT_MAIN,CAT_SUB) values (62,'LONG LED 볼구 3W',3000,'E26 base','램프','볼');
Insert into TBL_PRODUCT (PD_CODE,PD_NAME,PD_PRICE,PD_DESC,CAT_MAIN,CAT_SUB) values (63,'LONG LED 볼구 8W',4500,'E26 base','램프','볼');
Insert into TBL_PRODUCT (PD_CODE,PD_NAME,PD_PRICE,PD_DESC,CAT_MAIN,CAT_SUB) values (64,'LONG LED 볼구 12W',5500,'E26 base','램프','볼');
Insert into TBL_PRODUCT (PD_CODE,PD_NAME,PD_PRICE,PD_DESC,CAT_MAIN,CAT_SUB) values (65,'LONG LED 볼구 15W',7500,'E26 base','램프','볼');
Insert into TBL_PRODUCT (PD_CODE,PD_NAME,PD_PRICE,PD_DESC,CAT_MAIN,CAT_SUB) values (66,'LONG LED 에디슨 T45 4W',6500,'E26 base','램프','에디슨');
Insert into TBL_PRODUCT (PD_CODE,PD_NAME,PD_PRICE,PD_DESC,CAT_MAIN,CAT_SUB) values (67,'LONG LED 에디슨 G45 4W',5000,'E26 base','램프','에디슨');
Insert into TBL_PRODUCT (PD_CODE,PD_NAME,PD_PRICE,PD_DESC,CAT_MAIN,CAT_SUB) values (68,'LONG LED 에디슨 A60 4W',5000,'E26 base','램프','에디슨');
Insert into TBL_PRODUCT (PD_CODE,PD_NAME,PD_PRICE,PD_DESC,CAT_MAIN,CAT_SUB) values (69,'LONG LED 에디슨 ST64 4W',6500,'E26 base','램프','에디슨');
Insert into TBL_PRODUCT (PD_CODE,PD_NAME,PD_PRICE,PD_DESC,CAT_MAIN,CAT_SUB) values (70,'LONG LED 에디슨 G80 4W',6500,'E26 base','램프','에디슨');
Insert into TBL_PRODUCT (PD_CODE,PD_NAME,PD_PRICE,PD_DESC,CAT_MAIN,CAT_SUB) values (71,'LONG LED 에디슨 G95 4W',6500,'E26 base','램프','에디슨');
Insert into TBL_PRODUCT (PD_CODE,PD_NAME,PD_PRICE,PD_DESC,CAT_MAIN,CAT_SUB) values (72,'LONG LED 에디슨 G125 4W',7500,'E26 base','램프','에디슨');
Insert into TBL_PRODUCT (PD_CODE,PD_NAME,PD_PRICE,PD_DESC,CAT_MAIN,CAT_SUB) values (73,'르그랑 엑셀 1구 스위치',18000,'W70ⅹH120','스위치/콘센트','엑셀');
Insert into TBL_PRODUCT (PD_CODE,PD_NAME,PD_PRICE,PD_DESC,CAT_MAIN,CAT_SUB) values (74,'르그랑 엑셀 2구 스위치',30000,'W70ⅹH120','스위치/콘센트','엑셀');
Insert into TBL_PRODUCT (PD_CODE,PD_NAME,PD_PRICE,PD_DESC,CAT_MAIN,CAT_SUB) values (75,'르그랑 엑셀 3구 스위치',40000,'W70ⅹH120','스위치/콘센트','엑셀');
Insert into TBL_PRODUCT (PD_CODE,PD_NAME,PD_PRICE,PD_DESC,CAT_MAIN,CAT_SUB) values (76,'르그랑 아테오 사각 1구 스위치 A타입',22000,'W92×H127','스위치/콘센트','아테오');
Insert into TBL_PRODUCT (PD_CODE,PD_NAME,PD_PRICE,PD_DESC,CAT_MAIN,CAT_SUB) values (77,'르그랑 아테오 사각 1구 스위치 B타입',25000,'W92×H127','스위치/콘센트','아테오');
Insert into TBL_PRODUCT (PD_CODE,PD_NAME,PD_PRICE,PD_DESC,CAT_MAIN,CAT_SUB) values (78,'르그랑 아테오 사각 2구 스위치 A타입',28000,'W92×H127','스위치/콘센트','아테오');
Insert into TBL_PRODUCT (PD_CODE,PD_NAME,PD_PRICE,PD_DESC,CAT_MAIN,CAT_SUB) values (79,'르그랑 아테오 사각 2구 스위치 B타입',30000,'W92×H127','스위치/콘센트','아테오');
Insert into TBL_PRODUCT (PD_CODE,PD_NAME,PD_PRICE,PD_DESC,CAT_MAIN,CAT_SUB) values (80,'르그랑 아테오 사각 2구 스위치 C타입',40000,'W127×H127','스위치/콘센트','아테오');
Insert into TBL_PRODUCT (PD_CODE,PD_NAME,PD_PRICE,PD_DESC,CAT_MAIN,CAT_SUB) values (81,'르그랑 아테오 사각 3구 스위치 A타입',35000,'W92×H127','스위치/콘센트','아테오');
Insert into TBL_PRODUCT (PD_CODE,PD_NAME,PD_PRICE,PD_DESC,CAT_MAIN,CAT_SUB) values (82,'르그랑 아테오 사각 3구 스위치 B타입',45000,'W127×H127','스위치/콘센트','아테오');
Insert into TBL_PRODUCT (PD_CODE,PD_NAME,PD_PRICE,PD_DESC,CAT_MAIN,CAT_SUB) values (83,'르그랑 아테오 사각 4구 스위치 A타입',52000,'W127×H127','스위치/콘센트','아테오');
Insert into TBL_PRODUCT (PD_CODE,PD_NAME,PD_PRICE,PD_DESC,CAT_MAIN,CAT_SUB) values (84,'르그랑 아테오 사각 4구 스위치 B타입',52000,'W127×H127','스위치/콘센트','아테오');
Insert into TBL_PRODUCT (PD_CODE,PD_NAME,PD_PRICE,PD_DESC,CAT_MAIN,CAT_SUB) values (85,'르그랑 아테오 사각 5구 스위치',55000,'W127×H127','스위치/콘센트','아테오');
Insert into TBL_PRODUCT (PD_CODE,PD_NAME,PD_PRICE,PD_DESC,CAT_MAIN,CAT_SUB) values (86,'르그랑 아테오 사각 6구 스위치',65000,'W127×H127','스위치/콘센트','아테오');
Insert into TBL_PRODUCT (PD_CODE,PD_NAME,PD_PRICE,PD_DESC,CAT_MAIN,CAT_SUB) values (87,'르그랑 아테오 원형 1구 스위치 A타입',30000,'W127×H127','스위치/콘센트','아테오');
Insert into TBL_PRODUCT (PD_CODE,PD_NAME,PD_PRICE,PD_DESC,CAT_MAIN,CAT_SUB) values (88,'르그랑 아테오 원형 1구 스위치 B타입',30000,'W127×H127','스위치/콘센트','아테오');
Insert into TBL_PRODUCT (PD_CODE,PD_NAME,PD_PRICE,PD_DESC,CAT_MAIN,CAT_SUB) values (89,'르그랑 아테오 원형 2구 스위치 A타입',35000,'W127×H127','스위치/콘센트','아테오');
Insert into TBL_PRODUCT (PD_CODE,PD_NAME,PD_PRICE,PD_DESC,CAT_MAIN,CAT_SUB) values (90,'르그랑 아테오 원형 2구 스위치 B타입',35000,'W127×H127','스위치/콘센트','아테오');
Insert into TBL_PRODUCT (PD_CODE,PD_NAME,PD_PRICE,PD_DESC,CAT_MAIN,CAT_SUB) values (91,'르그랑 아테오 원형 3구 스위치',40000,'W127×H127','스위치/콘센트','아테오');
Insert into TBL_PRODUCT (PD_CODE,PD_NAME,PD_PRICE,PD_DESC,CAT_MAIN,CAT_SUB) values (92,'르그랑 아테오 원형 4구 스위치 A타입',61000,'W127×H127','스위치/콘센트','아테오');
Insert into TBL_PRODUCT (PD_CODE,PD_NAME,PD_PRICE,PD_DESC,CAT_MAIN,CAT_SUB) values (93,'르그랑 아테오 원형 4구 스위치 B타입',61000,'W127×H127','스위치/콘센트','아테오');
Insert into TBL_PRODUCT (PD_CODE,PD_NAME,PD_PRICE,PD_DESC,CAT_MAIN,CAT_SUB) values (94,'르그랑 아테오 원형 5구 스위치',66000,'W127×H127','스위치/콘센트','아테오');
Insert into TBL_PRODUCT (PD_CODE,PD_NAME,PD_PRICE,PD_DESC,CAT_MAIN,CAT_SUB) values (95,'르그랑 아테오 원형 6구 스위치',70000,'W127×H127','스위치/콘센트','아테오');
Insert into TBL_PRODUCT (PD_CODE,PD_NAME,PD_PRICE,PD_DESC,CAT_MAIN,CAT_SUB) values (96,'르그랑 아테오 1구 콘센트',30000,'W92×H127','스위치/콘센트','아테오');
Insert into TBL_PRODUCT (PD_CODE,PD_NAME,PD_PRICE,PD_DESC,CAT_MAIN,CAT_SUB) values (97,'르그랑 아테오 2구 콘센트',25000,'W92×H127','스위치/콘센트','아테오');
Insert into TBL_PRODUCT (PD_CODE,PD_NAME,PD_PRICE,PD_DESC,CAT_MAIN,CAT_SUB) values (98,'르그랑 아테오 4구 콘센트',45000,'W127×H127','스위치/콘센트','아테오');
Insert into TBL_PRODUCT (PD_CODE,PD_NAME,PD_PRICE,PD_DESC,CAT_MAIN,CAT_SUB) values (99,'헥트로 펜던트',400000,'W400×H500 / E26','식탁등','빈티지');
Insert into TBL_PRODUCT (PD_CODE,PD_NAME,PD_PRICE,PD_DESC,CAT_MAIN,CAT_SUB) values (100,'레베카 펜던트',300000,'W410×H450/E26','식탁등','빈티지');
Insert into TBL_PRODUCT (PD_CODE,PD_NAME,PD_PRICE,PD_DESC,CAT_MAIN,CAT_SUB) values (101,'루체 펜던트 1호',90000,'W250×H280 / E26','식탁등','빈티지');
Insert into TBL_PRODUCT (PD_CODE,PD_NAME,PD_PRICE,PD_DESC,CAT_MAIN,CAT_SUB) values (102,'루체 펜던트 2호',90000,'W280×H280 / E26','식탁등','빈티지');
Insert into TBL_PRODUCT (PD_CODE,PD_NAME,PD_PRICE,PD_DESC,CAT_MAIN,CAT_SUB) values (103,'루체 펜던트 3호',80000,'W170×H230 / E26','식탁등','빈티지');
Insert into TBL_PRODUCT (PD_CODE,PD_NAME,PD_PRICE,PD_DESC,CAT_MAIN,CAT_SUB) values (104,'스티브 펜던트',60000,'W250×H210 / E26','식탁등','빈티지');
Insert into TBL_PRODUCT (PD_CODE,PD_NAME,PD_PRICE,PD_DESC,CAT_MAIN,CAT_SUB) values (105,'에스피 펜던트',60000,'W190×H180 / E26','식탁등','빈티지');
Insert into TBL_PRODUCT (PD_CODE,PD_NAME,PD_PRICE,PD_DESC,CAT_MAIN,CAT_SUB) values (106,'크라운 펜던트 (소)',100000,'W400×H270 / E26','식탁등','빈티지');
Insert into TBL_PRODUCT (PD_CODE,PD_NAME,PD_PRICE,PD_DESC,CAT_MAIN,CAT_SUB) values (107,'크라운 펜던트 (대)',150000,'W260×H240 / E26','식탁등','빈티지');
Insert into TBL_PRODUCT (PD_CODE,PD_NAME,PD_PRICE,PD_DESC,CAT_MAIN,CAT_SUB) values (108,'에녹 하프 펜던트',150000,'[램프 제공] E26','식탁등','모던');
Insert into TBL_PRODUCT (PD_CODE,PD_NAME,PD_PRICE,PD_DESC,CAT_MAIN,CAT_SUB) values (109,'에녹 볼 펜던트',250000,'[램프 제공] G9 or E26 / 파이프 기본 길이 400mm (그 외 길이는 고객센터에 문의해 주세요.)','식탁등','모던');
Insert into TBL_PRODUCT (PD_CODE,PD_NAME,PD_PRICE,PD_DESC,CAT_MAIN,CAT_SUB) values (110,'에녹 스틱 펜던트',250000,'[램프 제공] G9 or E26 / 파이프 기본 길이 200mm (그 외 길이는 고객센터에 문의해 주세요.)','식탁등','모던');
Insert into TBL_PRODUCT (PD_CODE,PD_NAME,PD_PRICE,PD_DESC,CAT_MAIN,CAT_SUB) values (111,'무지 6등 펜던트',600000,'[램프 제공] W900×H360 / G9×6','식탁등','모던');
Insert into TBL_PRODUCT (PD_CODE,PD_NAME,PD_PRICE,PD_DESC,CAT_MAIN,CAT_SUB) values (112,'에녹 링 펜던트',300000,'[램프 제공] E17 or E26','식탁등','모던');
Insert into TBL_PRODUCT (PD_CODE,PD_NAME,PD_PRICE,PD_DESC,CAT_MAIN,CAT_SUB) values (113,'바노 펜던트',90000,'Ø350×H180 / E26','식탁등','모던');
Insert into TBL_PRODUCT (PD_CODE,PD_NAME,PD_PRICE,PD_DESC,CAT_MAIN,CAT_SUB) values (114,'몬테나 펜던트',90000,'Ø175×H210 / E26','식탁등','모던');
Insert into TBL_PRODUCT (PD_CODE,PD_NAME,PD_PRICE,PD_DESC,CAT_MAIN,CAT_SUB) values (115,'앨리스 펜던트 (소)',150000,'Ø300×H180 / E26','식탁등','모던');
Insert into TBL_PRODUCT (PD_CODE,PD_NAME,PD_PRICE,PD_DESC,CAT_MAIN,CAT_SUB) values (116,'앨리스 펜던트 (대)',180000,'Ø400×H220 / E26','식탁등','모던');
Insert into TBL_PRODUCT (PD_CODE,PD_NAME,PD_PRICE,PD_DESC,CAT_MAIN,CAT_SUB) values (117,'미노 펜던트',60000,'Ø250×H175/E26','식탁등','모던');
REM INSERTING into TBL_REVIEW
SET DEFINE OFF;
Insert into TBL_REVIEW (REVIEW_CODE,PD_GRADE,REVIEW_CONTENT,UPLOAD_DATE,REVIEW_COMMENT,REVIEW_TITLE,PD_CODE,MEMBER_CODE) values (1,5,'집이 엄청 밝아졌어요~','23/01/01 09:50:55',null,'가정용 led 추천합니다~',1,4);
Insert into TBL_REVIEW (REVIEW_CODE,PD_GRADE,REVIEW_CONTENT,UPLOAD_DATE,REVIEW_COMMENT,REVIEW_TITLE,PD_CODE,MEMBER_CODE) values (2,1,'생각보다 별로네요..','23/01/01 10:50:55',null,'비추천해요',1,3);
Insert into TBL_REVIEW (REVIEW_CODE,PD_GRADE,REVIEW_CONTENT,UPLOAD_DATE,REVIEW_COMMENT,REVIEW_TITLE,PD_CODE,MEMBER_CODE) values (3,4,'좋아요','23/01/01 11:50:55',null,'GOOD GOOD~',1,5);
Insert into TBL_REVIEW (REVIEW_CODE,PD_GRADE,REVIEW_CONTENT,UPLOAD_DATE,REVIEW_COMMENT,REVIEW_TITLE,PD_CODE,MEMBER_CODE) values (4,3,'평범합니다~','23/01/01 12:30:55',null,'무난하네요',1,2);
Insert into TBL_REVIEW (REVIEW_CODE,PD_GRADE,REVIEW_CONTENT,UPLOAD_DATE,REVIEW_COMMENT,REVIEW_TITLE,PD_CODE,MEMBER_CODE) values (5,5,'예뻐요~','23/01/01 13:55:55',null,'이거 꼭 사세요!!',1,6);
Insert into TBL_REVIEW (REVIEW_CODE,PD_GRADE,REVIEW_CONTENT,UPLOAD_DATE,REVIEW_COMMENT,REVIEW_TITLE,PD_CODE,MEMBER_CODE) values (6,5,'좋아요','23/01/01 15:50:55',null,'추천합니다',1,7);
Insert into TBL_REVIEW (REVIEW_CODE,PD_GRADE,REVIEW_CONTENT,UPLOAD_DATE,REVIEW_COMMENT,REVIEW_TITLE,PD_CODE,MEMBER_CODE) values (7,2,'너무밝음','23/01/01 09:50:55',null,'비추',1,8);
Insert into TBL_REVIEW (REVIEW_CODE,PD_GRADE,REVIEW_CONTENT,UPLOAD_DATE,REVIEW_COMMENT,REVIEW_TITLE,PD_CODE,MEMBER_CODE) values (8,5,'아이들도 엄청 맘에 들어 하네요~','23/01/01 20:50:55',null,'거실등으로 추천해요',1,9);
Insert into TBL_REVIEW (REVIEW_CODE,PD_GRADE,REVIEW_CONTENT,UPLOAD_DATE,REVIEW_COMMENT,REVIEW_TITLE,PD_CODE,MEMBER_CODE) values (9,3,'등은 예쁜데 가격이 좀 나가네요..','23/01/01 18:50:55',null,'좀 아쉽네요..',1,10);
Insert into TBL_REVIEW (REVIEW_CODE,PD_GRADE,REVIEW_CONTENT,UPLOAD_DATE,REVIEW_COMMENT,REVIEW_TITLE,PD_CODE,MEMBER_CODE) values (10,5,'집이 엄청 밝아졌어요~','23/01/01 09:50:55',null,'가정용 led 추천합니다~',1,11);
Insert into TBL_REVIEW (REVIEW_CODE,PD_GRADE,REVIEW_CONTENT,UPLOAD_DATE,REVIEW_COMMENT,REVIEW_TITLE,PD_CODE,MEMBER_CODE) values (11,5,'집이 엄청 밝아졌어요~','23/01/01 09:50:55',null,'가정용 led 추천합니다~',1,12);
Insert into TBL_REVIEW (REVIEW_CODE,PD_GRADE,REVIEW_CONTENT,UPLOAD_DATE,REVIEW_COMMENT,REVIEW_TITLE,PD_CODE,MEMBER_CODE) values (12,5,'집이 엄청 밝아졌어요~','23/01/01 09:50:55',null,'가정용 led 추천합니다~',1,13);
Insert into TBL_REVIEW (REVIEW_CODE,PD_GRADE,REVIEW_CONTENT,UPLOAD_DATE,REVIEW_COMMENT,REVIEW_TITLE,PD_CODE,MEMBER_CODE) values (13,5,'집이 엄청 밝아졌어요~','23/01/01 09:50:55',null,'가정용 led 추천합니다~',1,14);
Insert into TBL_REVIEW (REVIEW_CODE,PD_GRADE,REVIEW_CONTENT,UPLOAD_DATE,REVIEW_COMMENT,REVIEW_TITLE,PD_CODE,MEMBER_CODE) values (14,5,'집이 엄청 밝아졌어요~','23/01/01 09:50:55',null,'가정용 led 추천합니다~',1,15);
Insert into TBL_REVIEW (REVIEW_CODE,PD_GRADE,REVIEW_CONTENT,UPLOAD_DATE,REVIEW_COMMENT,REVIEW_TITLE,PD_CODE,MEMBER_CODE) values (15,5,'집이 엄청 밝아졌어요~','23/01/01 09:50:55',null,'가정용 led 추천합니다~',1,16);
Insert into TBL_REVIEW (REVIEW_CODE,PD_GRADE,REVIEW_CONTENT,UPLOAD_DATE,REVIEW_COMMENT,REVIEW_TITLE,PD_CODE,MEMBER_CODE) values (16,5,'집이 엄청 밝아졌어요~','23/01/01 09:50:55',null,'가정용 led 추천합니다~',1,17);
Insert into TBL_REVIEW (REVIEW_CODE,PD_GRADE,REVIEW_CONTENT,UPLOAD_DATE,REVIEW_COMMENT,REVIEW_TITLE,PD_CODE,MEMBER_CODE) values (17,5,'집이 엄청 밝아졌어요~','23/01/01 09:50:55',null,'가정용 led 추천합니다~',1,18);
Insert into TBL_REVIEW (REVIEW_CODE,PD_GRADE,REVIEW_CONTENT,UPLOAD_DATE,REVIEW_COMMENT,REVIEW_TITLE,PD_CODE,MEMBER_CODE) values (18,5,'집이 엄청 밝아졌어요~','23/01/01 09:50:55',null,'가정용 led 추천합니다~',2,4);
Insert into TBL_REVIEW (REVIEW_CODE,PD_GRADE,REVIEW_CONTENT,UPLOAD_DATE,REVIEW_COMMENT,REVIEW_TITLE,PD_CODE,MEMBER_CODE) values (19,5,'집이 엄청 밝아졌어요~','23/01/01 09:50:55',null,'가정용 led 추천합니다~',3,4);
Insert into TBL_REVIEW (REVIEW_CODE,PD_GRADE,REVIEW_CONTENT,UPLOAD_DATE,REVIEW_COMMENT,REVIEW_TITLE,PD_CODE,MEMBER_CODE) values (20,5,'집이 엄청 밝아졌어요~','23/01/01 09:50:55',null,'가정용 led 추천합니다~',4,4);
Insert into TBL_REVIEW (REVIEW_CODE,PD_GRADE,REVIEW_CONTENT,UPLOAD_DATE,REVIEW_COMMENT,REVIEW_TITLE,PD_CODE,MEMBER_CODE) values (21,5,'집이 엄청 밝아졌어요~','23/01/01 09:50:55',null,'가정용 led 추천합니다~',5,4);
REM INSERTING into TBL_SHOP
SET DEFINE OFF;
Insert into TBL_SHOP (SHOP_NM,SHOP_WEB_ADS,SHOP_EMAIL,SHOP_DESC,OM_ST,OM_NUM,CS_TEL,CS_EMAIL,CS_HOUR,PIC_NM,PIC_TEL,PIC_EMAIL) values ('LUMOS','https://www.lumospj.co.kr','lumos@lumos.com','인테리어의 완성, LUMOS','신고함','제 2023-서울종로구-0000호','02-1234-5678','lumoscs@lumos.com','평일 : 오전 9시 ~ 오후 6시
토요일 : 오전 9시 ~ 오후 4시
점심시간 : 오후 12 ~ 1시
휴무일 : 매주 일요일 및 공휴일','구도연','010-9256-9135','lumospic@lumos.com');
--------------------------------------------------------
--  DDL for Index PRODUCT_IMAGE_PK
--------------------------------------------------------

  CREATE UNIQUE INDEX "PRODUCT_IMAGE_PK" ON "PRODUCT_IMAGE" ("IMG_NUM") 
  ;
--------------------------------------------------------
--  DDL for Index PRODUCT_OPTION_PK
--------------------------------------------------------

  CREATE UNIQUE INDEX "PRODUCT_OPTION_PK" ON "PRODUCT_OPTION" ("OP_CODE") 
  ;
--------------------------------------------------------
--  DDL for Index QUESTION_IMG_PK
--------------------------------------------------------

  CREATE UNIQUE INDEX "QUESTION_IMG_PK" ON "QUESTION_IMG" ("QUESTION_IMG_CODE") 
  ;
--------------------------------------------------------
--  DDL for Index QUESTION_PK
--------------------------------------------------------

  CREATE UNIQUE INDEX "QUESTION_PK" ON "QUESTION" ("QUESTION_CODE") 
  ;
--------------------------------------------------------
--  DDL for Index REVIEW_IMAGE_PK
--------------------------------------------------------

  CREATE UNIQUE INDEX "REVIEW_IMAGE_PK" ON "REVIEW_IMAGE" ("IMAGE_CODE") 
  ;
--------------------------------------------------------
--  DDL for Index TBL_AUTHORITY_PK
--------------------------------------------------------

  CREATE UNIQUE INDEX "TBL_AUTHORITY_PK" ON "TBL_AUTHORITY" ("AUTHORITY_CODE") 
  ;
--------------------------------------------------------
--  DDL for Index TBL_COMPANY_PK
--------------------------------------------------------

  CREATE UNIQUE INDEX "TBL_COMPANY_PK" ON "TBL_COMPANY" ("BSR_NUM") 
  ;
--------------------------------------------------------
--  DDL for Index TBL_MEMBER_PK
--------------------------------------------------------

  CREATE UNIQUE INDEX "TBL_MEMBER_PK" ON "TBL_MEMBER" ("MEMBER_CODE") 
  ;
--------------------------------------------------------
--  DDL for Index TBL_ORDER_PK
--------------------------------------------------------

  CREATE UNIQUE INDEX "TBL_ORDER_PK" ON "TBL_ORDER" ("ORDER_NUM") 
  ;
--------------------------------------------------------
--  DDL for Index TBL_ORDER_PRODUCT_PK
--------------------------------------------------------

  CREATE UNIQUE INDEX "TBL_ORDER_PRODUCT_PK" ON "TBL_ORDER_PRODUCT" ("ORDER_PD_NUM") 
  ;
--------------------------------------------------------
--  DDL for Index TBL_PRODUCT_PK
--------------------------------------------------------

  CREATE UNIQUE INDEX "TBL_PRODUCT_PK" ON "TBL_PRODUCT" ("PD_CODE") 
  ;
--------------------------------------------------------
--  DDL for Index TBL_REVIEW_PK
--------------------------------------------------------

  CREATE UNIQUE INDEX "TBL_REVIEW_PK" ON "TBL_REVIEW" ("REVIEW_CODE") 
  ;
--------------------------------------------------------
--  DDL for Index TBL_SHOP_PK
--------------------------------------------------------

  CREATE UNIQUE INDEX "TBL_SHOP_PK" ON "TBL_SHOP" ("SHOP_NM") 
  ;
--------------------------------------------------------
--  DDL for Index PRODUCT_IMAGE_PK
--------------------------------------------------------

  CREATE UNIQUE INDEX "PRODUCT_IMAGE_PK" ON "PRODUCT_IMAGE" ("IMG_NUM") 
  ;
--------------------------------------------------------
--  DDL for Index PRODUCT_OPTION_PK
--------------------------------------------------------

  CREATE UNIQUE INDEX "PRODUCT_OPTION_PK" ON "PRODUCT_OPTION" ("OP_CODE") 
  ;
--------------------------------------------------------
--  DDL for Index QUESTION_PK
--------------------------------------------------------

  CREATE UNIQUE INDEX "QUESTION_PK" ON "QUESTION" ("QUESTION_CODE") 
  ;
--------------------------------------------------------
--  DDL for Index QUESTION_IMG_PK
--------------------------------------------------------

  CREATE UNIQUE INDEX "QUESTION_IMG_PK" ON "QUESTION_IMG" ("QUESTION_IMG_CODE") 
  ;
--------------------------------------------------------
--  DDL for Index REVIEW_IMAGE_PK
--------------------------------------------------------

  CREATE UNIQUE INDEX "REVIEW_IMAGE_PK" ON "REVIEW_IMAGE" ("IMAGE_CODE") 
  ;
--------------------------------------------------------
--  DDL for Index TBL_AUTHORITY_PK
--------------------------------------------------------

  CREATE UNIQUE INDEX "TBL_AUTHORITY_PK" ON "TBL_AUTHORITY" ("AUTHORITY_CODE") 
  ;
--------------------------------------------------------
--  DDL for Index TBL_COMPANY_PK
--------------------------------------------------------

  CREATE UNIQUE INDEX "TBL_COMPANY_PK" ON "TBL_COMPANY" ("BSR_NUM") 
  ;
--------------------------------------------------------
--  DDL for Index TBL_MEMBER_PK
--------------------------------------------------------

  CREATE UNIQUE INDEX "TBL_MEMBER_PK" ON "TBL_MEMBER" ("MEMBER_CODE") 
  ;
--------------------------------------------------------
--  DDL for Index TBL_ORDER_PK
--------------------------------------------------------

  CREATE UNIQUE INDEX "TBL_ORDER_PK" ON "TBL_ORDER" ("ORDER_NUM") 
  ;
--------------------------------------------------------
--  DDL for Index TBL_ORDER_PRODUCT_PK
--------------------------------------------------------

  CREATE UNIQUE INDEX "TBL_ORDER_PRODUCT_PK" ON "TBL_ORDER_PRODUCT" ("ORDER_PD_NUM") 
  ;
--------------------------------------------------------
--  DDL for Index TBL_PRODUCT_PK
--------------------------------------------------------

  CREATE UNIQUE INDEX "TBL_PRODUCT_PK" ON "TBL_PRODUCT" ("PD_CODE") 
  ;
--------------------------------------------------------
--  DDL for Index TBL_REVIEW_PK
--------------------------------------------------------

  CREATE UNIQUE INDEX "TBL_REVIEW_PK" ON "TBL_REVIEW" ("REVIEW_CODE") 
  ;
--------------------------------------------------------
--  DDL for Index TBL_SHOP_PK
--------------------------------------------------------

  CREATE UNIQUE INDEX "TBL_SHOP_PK" ON "TBL_SHOP" ("SHOP_NM") 
  ;
--------------------------------------------------------
--  Constraints for Table PRODUCT_IMAGE
--------------------------------------------------------

  ALTER TABLE "PRODUCT_IMAGE" MODIFY ("PD_IMG_PATH" NOT NULL ENABLE);
  ALTER TABLE "PRODUCT_IMAGE" MODIFY ("PD_CODE" NOT NULL ENABLE);
  ALTER TABLE "PRODUCT_IMAGE" MODIFY ("IMG_NUM" NOT NULL ENABLE);
  ALTER TABLE "PRODUCT_IMAGE" MODIFY ("MAIN_IMG" NOT NULL ENABLE);
  ALTER TABLE "PRODUCT_IMAGE" ADD CONSTRAINT "PRODUCT_IMAGE_PK" PRIMARY KEY ("IMG_NUM")
  USING INDEX  ENABLE;
--------------------------------------------------------
--  Constraints for Table PRODUCT_OPTION
--------------------------------------------------------

  ALTER TABLE "PRODUCT_OPTION" MODIFY ("OPTION_NM" NOT NULL ENABLE);
  ALTER TABLE "PRODUCT_OPTION" MODIFY ("OPTION_STOCK" NOT NULL ENABLE);
  ALTER TABLE "PRODUCT_OPTION" MODIFY ("PD_CODE" NOT NULL ENABLE);
  ALTER TABLE "PRODUCT_OPTION" MODIFY ("OP_CODE" NOT NULL ENABLE);
  ALTER TABLE "PRODUCT_OPTION" ADD CONSTRAINT "PRODUCT_OPTION_PK" PRIMARY KEY ("OP_CODE")
  USING INDEX  ENABLE;
--------------------------------------------------------
--  Constraints for Table QUESTION
--------------------------------------------------------

  ALTER TABLE "QUESTION" MODIFY ("QUESTION_CODE" NOT NULL ENABLE);
  ALTER TABLE "QUESTION" MODIFY ("QUESTION_TITLE" NOT NULL ENABLE);
  ALTER TABLE "QUESTION" MODIFY ("QUESTION_CATEGORY" NOT NULL ENABLE);
  ALTER TABLE "QUESTION" MODIFY ("QUESTION_CONTENT" NOT NULL ENABLE);
  ALTER TABLE "QUESTION" MODIFY ("QUESTION_CREATE_DATE" NOT NULL ENABLE);
  ALTER TABLE "QUESTION" MODIFY ("QUESTION_STATUS" NOT NULL ENABLE);
  ALTER TABLE "QUESTION" MODIFY ("MEMBER_CODE" NOT NULL ENABLE);
  ALTER TABLE "QUESTION" ADD CONSTRAINT "QUESTION_PK" PRIMARY KEY ("QUESTION_CODE")
  USING INDEX  ENABLE;
--------------------------------------------------------
--  Constraints for Table QUESTION_IMG
--------------------------------------------------------

  ALTER TABLE "QUESTION_IMG" MODIFY ("QUESTION_IMG_CODE" NOT NULL ENABLE);
  ALTER TABLE "QUESTION_IMG" MODIFY ("QUESTION_CODE" NOT NULL ENABLE);
  ALTER TABLE "QUESTION_IMG" ADD CONSTRAINT "QUESTION_IMG_PK" PRIMARY KEY ("QUESTION_IMG_CODE")
  USING INDEX  ENABLE;
--------------------------------------------------------
--  Constraints for Table REVIEW_IMAGE
--------------------------------------------------------

  ALTER TABLE "REVIEW_IMAGE" MODIFY ("IMAGE_CODE" NOT NULL ENABLE);
  ALTER TABLE "REVIEW_IMAGE" MODIFY ("REVIEW_CODE" NOT NULL ENABLE);
  ALTER TABLE "REVIEW_IMAGE" ADD CONSTRAINT "REVIEW_IMAGE_PK" PRIMARY KEY ("IMAGE_CODE")
  USING INDEX  ENABLE;
--------------------------------------------------------
--  Constraints for Table TBL_AUTHORITY
--------------------------------------------------------

  ALTER TABLE "TBL_AUTHORITY" MODIFY ("AUTHORITY_CODE" NOT NULL ENABLE);
  ALTER TABLE "TBL_AUTHORITY" MODIFY ("AUTHORITY_NAME" NOT NULL ENABLE);
  ALTER TABLE "TBL_AUTHORITY" MODIFY ("AUTHORITY_DESC" NOT NULL ENABLE);
  ALTER TABLE "TBL_AUTHORITY" ADD CONSTRAINT "TBL_AUTHORITY_PK" PRIMARY KEY ("AUTHORITY_CODE")
  USING INDEX  ENABLE;
--------------------------------------------------------
--  Constraints for Table TBL_COMPANY
--------------------------------------------------------

  ALTER TABLE "TBL_COMPANY" MODIFY ("BSR_NUM" NOT NULL ENABLE);
  ALTER TABLE "TBL_COMPANY" MODIFY ("CP_NM" NOT NULL ENABLE);
  ALTER TABLE "TBL_COMPANY" MODIFY ("RP_NM" NOT NULL ENABLE);
  ALTER TABLE "TBL_COMPANY" MODIFY ("CP_TEL" NOT NULL ENABLE);
  ALTER TABLE "TBL_COMPANY" MODIFY ("BS_TYPE" NOT NULL ENABLE);
  ALTER TABLE "TBL_COMPANY" MODIFY ("BS_ITEM" NOT NULL ENABLE);
  ALTER TABLE "TBL_COMPANY" MODIFY ("CP_ADS_NUM" NOT NULL ENABLE);
  ALTER TABLE "TBL_COMPANY" MODIFY ("CP_ADS" NOT NULL ENABLE);
  ALTER TABLE "TBL_COMPANY" MODIFY ("CP_ADS_DETAIL" NOT NULL ENABLE);
  ALTER TABLE "TBL_COMPANY" MODIFY ("CP_EMAIL" NOT NULL ENABLE);
  ALTER TABLE "TBL_COMPANY" ADD CONSTRAINT "TBL_COMPANY_PK" PRIMARY KEY ("BSR_NUM")
  USING INDEX  ENABLE;
--------------------------------------------------------
--  Constraints for Table TBL_MEMBER
--------------------------------------------------------

  ALTER TABLE "TBL_MEMBER" MODIFY ("MEMBER_CODE" NOT NULL ENABLE);
  ALTER TABLE "TBL_MEMBER" MODIFY ("MEMBER_ID" NOT NULL ENABLE);
  ALTER TABLE "TBL_MEMBER" MODIFY ("MEMBER_PASSWORD" NOT NULL ENABLE);
  ALTER TABLE "TBL_MEMBER" MODIFY ("MEMBER_NAME" NOT NULL ENABLE);
  ALTER TABLE "TBL_MEMBER" MODIFY ("MEMBER_BIRTH" NOT NULL ENABLE);
  ALTER TABLE "TBL_MEMBER" MODIFY ("MEMBER_GEN" NOT NULL ENABLE);
  ALTER TABLE "TBL_MEMBER" MODIFY ("MEMBER_PHONE" NOT NULL ENABLE);
  ALTER TABLE "TBL_MEMBER" MODIFY ("MEMBER_EMAIL" NOT NULL ENABLE);
  ALTER TABLE "TBL_MEMBER" MODIFY ("MEMBER_ADS_NUM" NOT NULL ENABLE);
  ALTER TABLE "TBL_MEMBER" MODIFY ("MEMBER_ADS" NOT NULL ENABLE);
  ALTER TABLE "TBL_MEMBER" MODIFY ("MEMBER_ADS_DETAIL" NOT NULL ENABLE);
  ALTER TABLE "TBL_MEMBER" ADD CONSTRAINT "TBL_MEMBER_PK" PRIMARY KEY ("MEMBER_CODE")
  USING INDEX  ENABLE;
--------------------------------------------------------
--  Constraints for Table TBL_MEMBER_ROLE
--------------------------------------------------------

  ALTER TABLE "TBL_MEMBER_ROLE" MODIFY ("MEMBER_CODE" NOT NULL ENABLE);
  ALTER TABLE "TBL_MEMBER_ROLE" MODIFY ("AUTHORITY_CODE" NOT NULL ENABLE);
--------------------------------------------------------
--  Constraints for Table TBL_ORDER
--------------------------------------------------------

  ALTER TABLE "TBL_ORDER" MODIFY ("ORDER_NUM" NOT NULL ENABLE);
  ALTER TABLE "TBL_ORDER" MODIFY ("TOTAL_PC" NOT NULL ENABLE);
  ALTER TABLE "TBL_ORDER" MODIFY ("ST_ORDER" NOT NULL ENABLE);
  ALTER TABLE "TBL_ORDER" MODIFY ("MEMBER_CODE" NOT NULL ENABLE);
  ALTER TABLE "TBL_ORDER" ADD CONSTRAINT "TBL_ORDER_PK" PRIMARY KEY ("ORDER_NUM")
  USING INDEX  ENABLE;
--------------------------------------------------------
--  Constraints for Table TBL_ORDER_PRODUCT
--------------------------------------------------------

  ALTER TABLE "TBL_ORDER_PRODUCT" MODIFY ("ORDER_PD_NUM" NOT NULL ENABLE);
  ALTER TABLE "TBL_ORDER_PRODUCT" MODIFY ("ORDER_AMOUNT" NOT NULL ENABLE);
  ALTER TABLE "TBL_ORDER_PRODUCT" MODIFY ("ORDER_NUM" NOT NULL ENABLE);
  ALTER TABLE "TBL_ORDER_PRODUCT" MODIFY ("MAIN_IMG_PATH" NOT NULL ENABLE);
  ALTER TABLE "TBL_ORDER_PRODUCT" MODIFY ("PD_CODE" NOT NULL ENABLE);
  ALTER TABLE "TBL_ORDER_PRODUCT" MODIFY ("OP_CODE" NOT NULL ENABLE);
  ALTER TABLE "TBL_ORDER_PRODUCT" MODIFY ("PD_NAME" NOT NULL ENABLE);
  ALTER TABLE "TBL_ORDER_PRODUCT" MODIFY ("OP_NAME" NOT NULL ENABLE);
  ALTER TABLE "TBL_ORDER_PRODUCT" MODIFY ("PD_PC" NOT NULL ENABLE);
  ALTER TABLE "TBL_ORDER_PRODUCT" ADD CONSTRAINT "TBL_ORDER_PRODUCT_PK" PRIMARY KEY ("ORDER_PD_NUM")
  USING INDEX  ENABLE;
--------------------------------------------------------
--  Constraints for Table TBL_PRODUCT
--------------------------------------------------------

  ALTER TABLE "TBL_PRODUCT" MODIFY ("PD_CODE" NOT NULL ENABLE);
  ALTER TABLE "TBL_PRODUCT" MODIFY ("PD_NAME" NOT NULL ENABLE);
  ALTER TABLE "TBL_PRODUCT" MODIFY ("PD_PRICE" NOT NULL ENABLE);
  ALTER TABLE "TBL_PRODUCT" MODIFY ("CAT_MAIN" NOT NULL ENABLE);
  ALTER TABLE "TBL_PRODUCT" MODIFY ("CAT_SUB" NOT NULL ENABLE);
  ALTER TABLE "TBL_PRODUCT" ADD CONSTRAINT "TBL_PRODUCT_PK" PRIMARY KEY ("PD_CODE")
  USING INDEX  ENABLE;
--------------------------------------------------------
--  Constraints for Table TBL_REVIEW
--------------------------------------------------------

  ALTER TABLE "TBL_REVIEW" MODIFY ("REVIEW_CONTENT" NOT NULL ENABLE);
  ALTER TABLE "TBL_REVIEW" MODIFY ("UPLOAD_DATE" NOT NULL ENABLE);
  ALTER TABLE "TBL_REVIEW" MODIFY ("REVIEW_TITLE" NOT NULL ENABLE);
  ALTER TABLE "TBL_REVIEW" MODIFY ("PD_CODE" NOT NULL ENABLE);
  ALTER TABLE "TBL_REVIEW" MODIFY ("MEMBER_CODE" NOT NULL ENABLE);
  ALTER TABLE "TBL_REVIEW" ADD CONSTRAINT "TBL_REVIEW_PK" PRIMARY KEY ("REVIEW_CODE")
  USING INDEX  ENABLE;
  ALTER TABLE "TBL_REVIEW" MODIFY ("REVIEW_CODE" NOT NULL ENABLE);
  ALTER TABLE "TBL_REVIEW" MODIFY ("PD_GRADE" NOT NULL ENABLE);
--------------------------------------------------------
--  Constraints for Table TBL_SHOP
--------------------------------------------------------

  ALTER TABLE "TBL_SHOP" MODIFY ("SHOP_NM" NOT NULL ENABLE);
  ALTER TABLE "TBL_SHOP" MODIFY ("SHOP_WEB_ADS" NOT NULL ENABLE);
  ALTER TABLE "TBL_SHOP" MODIFY ("SHOP_EMAIL" NOT NULL ENABLE);
  ALTER TABLE "TBL_SHOP" MODIFY ("SHOP_DESC" NOT NULL ENABLE);
  ALTER TABLE "TBL_SHOP" MODIFY ("OM_ST" NOT NULL ENABLE);
  ALTER TABLE "TBL_SHOP" MODIFY ("OM_NUM" NOT NULL ENABLE);
  ALTER TABLE "TBL_SHOP" MODIFY ("CS_TEL" NOT NULL ENABLE);
  ALTER TABLE "TBL_SHOP" MODIFY ("CS_EMAIL" NOT NULL ENABLE);
  ALTER TABLE "TBL_SHOP" MODIFY ("CS_HOUR" NOT NULL ENABLE);
  ALTER TABLE "TBL_SHOP" MODIFY ("PIC_NM" NOT NULL ENABLE);
  ALTER TABLE "TBL_SHOP" MODIFY ("PIC_TEL" NOT NULL ENABLE);
  ALTER TABLE "TBL_SHOP" MODIFY ("PIC_EMAIL" NOT NULL ENABLE);
  ALTER TABLE "TBL_SHOP" ADD CONSTRAINT "TBL_SHOP_PK" PRIMARY KEY ("SHOP_NM")
  USING INDEX  ENABLE;
--------------------------------------------------------
--  Ref Constraints for Table QUESTION_IMG
--------------------------------------------------------

  ALTER TABLE "QUESTION_IMG" ADD FOREIGN KEY ("QUESTION_CODE")
	  REFERENCES "QUESTION" ("QUESTION_CODE") ON DELETE CASCADE ENABLE;
